anahtar,adet,ornek_yazim,ilk_yer
"امنوا",263,"اٰمَنُواۚ","2:9:4"
"شيء",190,"شَيْءٍ","2:20:24"
"يا",160,"يَا","2:40:1"
"ياايها",134,"يَٓااَيُّهَا","2:21:1"
"ورسوله",66,"وَرَسُولِهٖۚ","2:279:8"
"ايات",52,"اٰيَاتٍ","2:99:4"
"اية",47,"اٰيَةٍ","2:106:4"
"لانهار",43,"الْاَنْهَارُؕ","2:25:12"
"لقران",43,"الْقُرْاٰنُ","2:185:6"
"اسرايل",41,"اِسْرَٓائٖلَ","2:40:3"
"صالحا",36,"صَالِحًا","2:62:14"
"بايات",34,"بِاٰيَاتِ","2:61:50"
"اياتنا",34,"اٰيَاتِنَا","2:151:8"
"لاء",34,"اٰلَٓاءَ","7:69:24"
"صراط",32,"صِرَاطَ","1:7:1"
"او࣒توا",32,"اُو࣒تُوا","2:101:14"
"اياته",31,"اٰيَاتِهٖ","2:73:9"
"فضله",28,"فَضْلِهٖ","2:90:15"
"ضلال",27,"ضَلَالٍ","3:164:24"
"سلام",19,"سَلَامٌ","6:54:7"
"واحد",18,"وَاحِدٍ","2:61:9"
"اتيناهم",18,"اٰتَيْنَاهُمُ","2:121:2"
"لهة",17,"اٰلِهَةً","6:19:24"
"متاع",16,"مَتَاعٌ","2:241:2"
"رحمته",16,"رَحْمَتِهٖؕ","7:57:8"
"ادم",15,"اٰدَمَ","2:31:2"
"لتورية",15,"التَّوْرٰيةَ","3:3:10"
"لخاسرون",14,"الْخَاسِرُونَ","2:27:20"
"سبحانه",14,"سُبْحَانَهُؕ","2:116:5"
"او࣒تى",14,"اُو࣒تِيَ","2:136:16"
"ازواجا",14,"اَزْوَاجًا","2:234:5"
"داو࣒د",14,"دَاوُ࣒دُ","2:251:5"
"اتيهم",14,"اٰتٰيهُمُ","3:170:3"
"ارايتم",14,"اَرَاَيْتُمْ","6:46:2"
"انزلناه",14,"اَنْزَلْنَاهُ","6:92:3"
"لاو࣒لى",14,"الْاُو࣒لٰى","20:21:7"
"غيره",13,"غَيْرَهُؕ","2:230:11"
"سبيله",13,"سَبٖيلِهٖ","5:35:11"
"اتيكم",13,"اٰتٰيكُمْ","5:48:40"
"يستهزؤ࣒ن",13,"يَسْتَهْزِؤُ࣒نَ","6:5:12"
"عالم",13,"عَالِمُ","6:73:19"
"سلطان",13,"سُلْطَانٍؕ","7:71:20"
"ادريك",13,"اَدْرٰيكَ","69:3:2"
"ورسله",12,"وَرُسُلِهٖ","2:98:6"
"بامره",12,"بِاَمْرِهٖؕ","2:109:27"
"اخر",12,"اُخَرَؕ","2:184:13"
"كتابا",12,"كِتَابًا","3:145:9"
"لبينات",11,"الْبَيِّنَاتِ","2:87:13"
"سلطانا",11,"سُلْطَانًاۚ","3:151:14"
"ءاذا",11,"ءَاِذَا","13:5:5"
"اباءنا",10,"اٰبَٓاءَنَاؕ","2:170:14"
"را",10,"رَاٰ","6:76:5"
"اياتى",10,"اٰيَاتٖي","6:130:11"
"لنفسه",10,"لِنَفْسِهٖۚ","10:108:13"
"ويا",10,"وَيَا","11:29:1"
"بغافل",9,"بِغَافِلٍ","2:74:35"
"ميثاق",9,"مٖيثَاقَ","2:83:3"
"واسمعيل",9,"وَاِسْمٰعٖيلَ","2:125:15"
"باذنه",9,"بِاِذْنِهٖؕ","2:213:42"
"لابصار",9,"الْاَبْصَارِ","3:13:29"
"واتيناه",9,"وَاٰتَيْنَاهُ","5:46:13"
"بريء",9,"بَرٖٓيءٌ","6:19:35"
"او࣒حى",9,"اُو࣒حِيَ","6:93:10"
"اتيك",9,"اَتٰيكَ","20:9:2"
"اخرين",8,"اٰخَرٖينَ","4:91:2"
"ابواب",8,"اَبْوَابَ","6:44:8"
"هدينا",8,"هَدٰينَا","6:71:16"
"تالله",8,"تَاللّٰهِ","12:73:2"
"اذانهم",7,"اٰذَانِهِمْ","2:19:12"
"ازواج",7,"اَزْوَاجٌ","2:25:30"
"وامنوا",7,"وَاٰمِنُوا","2:41:1"
"لعجل",7,"الْعِجْلَ","2:51:8"
"طيبات",7,"طَيِّبَاتِ","2:57:10"
"ورحمته",7,"وَرَحْمَتُهُ","2:64:10"
"واتينا",7,"وَاٰتَيْنَا","2:87:9"
"اذى",7,"اَذًى","2:196:24"
"متاعا",7,"مَتَاعًا","2:236:21"
"وجنوده",7,"وَجُنُودِهٖؕ","2:249:42"
"لربوا",7,"الرِّبٰوا","2:275:3"
"ثواب",7,"ثَوَابَ","3:145:13"
"وعده",7,"وَعْدَهُٓ","3:152:4"
"ايمانا",7,"اٖيمَانًاࣗ","3:173:12"
"جعلناه",7,"جَعَلْنَاهُ","6:9:2"
"خالق",7,"خَالِقُ","6:102:8"
"اباؤنا",7,"اٰبَٓاؤُ࣑نَا","6:148:10"
"امنت",7,"اٰمَنَتْ","6:158:26"
"ساحر",7,"سَاحِرٍ","7:112:3"
"يعيده",7,"يُعٖيدُهُ","10:4:11"
"والابصار",7,"وَالْاَبْصَارَ","10:31:10"
"افتريه",7,"افْتَرٰيهُؕ","10:38:3"
"لمنذرين",7,"الْمُنْذَرٖينَ","10:73:17"
"سلاما",7,"سَلَامًاؕ","11:69:7"
"امنين",7,"اٰمِنٖينَؕ","12:99:14"
"قرانا",7,"قُرْاٰنًا","13:31:3"
"افرايتم",7,"اَفَرَاَيْتُمْ","26:75:2"
"احسانا",6,"اِحْسَانًا","2:83:11"
"ذوالفضل",6,"ذُوالْفَضْلِ","2:105:23"
"بشيء",6,"بِشَيْءٍ","2:155:2"
"رؤ࣒ف",6,"رَؤُ࣒فٌ","2:207:10"
"ويسلونك",6,"وَيَسْـَٔلُونَكَ","2:219:15"
"ماله",6,"مَالَهُ","2:264:11"
"لصدقات",6,"الصَّدَقَاتِ","2:271:3"
"والانعام",6,"وَالْاَنْعَامِ","3:14:15"
"وماويهم",6,"وَمَاْوٰيهُمُ","3:151:15"
"جاؤ࣒",6,"جَٓاؤُ࣒","3:184:8"
"ضلالا",6,"ضَلَالًا","4:60:29"
"اثارهم",6,"اٰثَارِهِمْ","5:46:3"
"موازينه",6,"مَوَازٖينُهُ","7:8:6"
"صالح",6,"صَالِحُ","7:77:9"
"وملائه",6,"وَمَلَا࣑ئِهٖ","7:103:9"
"لراحمين",6,"الرَّاحِمٖينَࣖ","7:151:11"
"هويه",6,"هَوٰيهُۚ","7:176:10"
"رؤ࣒سهم",6,"رُؤُ࣒سِهِمْ","14:43:3"
"بعباده",6,"بِعِبَادِهٖ","17:30:10"
"ارايت",6,"اَرَاَيْتَ","18:63:2"
"ويلنا",6,"وَيْلَنَٓا","21:14:3"
"عشرة",5,"عَشْرَةَ","2:60:12"
"يامركم",5,"يَاْمُرُكُمْ","2:67:7"
"وملئكته",5,"وَمَلٰٓئِكَتِهٖ","2:98:5"
"واحدا",5,"وَاحِدًاۚ","2:133:24"
"لرؤ࣒ف",5,"لَرَؤُ࣒فٌ","2:143:44"
"اموال",5,"اَمْوَالِ","2:188:13"
"قدره",5,"قَدَرُهُ","2:236:17"
"ينفق",5,"يُنْفِقُ","2:264:10"
"تظلمون",5,"تُظْلَمُونَ","2:272:28"
"بسيميهم",5,"بِسٖيمٰيهُمْۚ","2:273:18"
"احديهما",5,"اِحْدٰيهُمَا","2:282:68"
"رسله",5,"رُسُلِهٖࣞ","2:285:20"
"تاويله",5,"تَاْوٖيلِهٖۚ","3:7:26"
"ورضوان",5,"وَرِضْوَانٌ","3:15:19"
"او࣒تيتم",5,"اُو࣒تٖيتُمْ","3:73:17"
"موليكم",5,"مَوْلٰيكُمْۚ","3:150:3"
"ماويهم",5,"مَاْوٰيهُمْ","3:197:4"
"اباؤكم",5,"اٰبَٓاؤُ࣑كُمْ","4:11:56"
"جاؤ࣒ك",5,"جَٓاؤُ࣒كَ","4:62:9"
"فعلوه",5,"فَعَلُوهُ","4:66:13"
"صراطا",5,"صِرَاطًا","4:68:2"
"لسلام",5,"السَّلَامَ","4:94:15"
"اشده",5,"اَشُدَّهُۚ","6:152:11"
"واباؤكم",5,"وَاٰبَٓاؤُ࣑كُمْ","7:71:14"
"امراته",5,"امْرَاَتَهُؗ","7:83:4"
"وامطرنا",5,"وَاَمْطَرْنَا","7:84:1"
"اتيناه",5,"اٰتَيْنَاهُ","7:175:5"
"وممن",5,"وَمِمَّنْ","7:181:1"
"يعلموا",5,"يَعْلَمُٓوا","9:63:2"
"والقران",5,"وَالْقُرْاٰنِؕ","9:111:23"
"نريك",5,"نَرٰيكَ","11:27:8"
"لهتنا",5,"اٰلِهَتِنَا","11:53:10"
"قميصه",5,"قَمٖيصِهٖ","12:18:3"
"يشاؤ࣒ن",5,"يَشَٓاؤُ࣒نَؕ","16:31:11"
"وعظاما",5,"وَعِظَامًا","23:35:7"
"ءاله",5,"ءَاِلٰهٌ","27:60:21"
"باياتى",4,"بِاٰيَاتٖي","2:41:14"
"بقرة",4,"بَقَرَةًؕ","2:67:10"
"لحرث",4,"الْحَرْثَۚ","2:71:12"
"مسلمة",4,"مُسَلَّمَةٌ","2:71:13"
"لقدس",4,"الْقُدُسِؕ","2:87:16"
"والاسباط",4,"وَالْاَسْبَاطِ","2:136:14"
"لممترين",4,"الْمُمْتَرٖينَࣖ","2:147:7"
"وماتوا",4,"وَمَاتُوا","2:161:4"
"حلالا",4,"حَلَالًا","2:168:7"
"اباؤهم",4,"اٰبَٓاؤُ࣑هُمْ","2:170:17"
"اعتدى",4,"اعْتَدٰى","2:178:32"
"هديكم",4,"هَدٰيكُمْ","2:185:42"
"لمعتدين",4,"الْمُعْتَدٖينَ","2:190:13"
"اتنا",4,"اٰتِنَا","2:200:16"
"يؤاخذكم",4,"يُؤَاخِذُكُمُ","2:225:2"
"اتيتموهن",4,"اٰتَيْتُمُوهُنَّ","2:229:14"
"تبدوا",4,"تُبْدُوا","2:271:2"
"هديهم",4,"هُدٰيهُمْ","2:272:3"
"لاسلام",4,"الْاِسْلَامُࣞ","3:19:5"
"غلام",4,"غُلَامٌ","3:40:6"
"بالكتاب",4,"بِالْكِتَابِ","3:78:6"
"افغير",4,"اَفَغَيْرَ","3:83:1"
"واعتصموا",4,"وَاعْتَصِمُوا","3:103:1"
"وينهون",4,"وَيَنْهَوْنَ","3:104:9"
"وفضل",4,"وَفَضْلٍۙ","3:171:5"
"يضيع",4,"يُضٖيعُ","3:171:9"
"قياما",4,"قِيَامًا","3:191:4"
"عامل",4,"عَامِلٍ","3:195:8"
"بهتانا",4,"بُهْتَانًا","4:20:15"
"واتيناهم",4,"وَاٰتَيْنَاهُمْ","4:54:16"
"بعلمه",4,"بِعِلْمِهٖۚ","4:166:8"
"يشهدون",4,"يَشْهَدُونَؕ","4:166:10"
"عمله",4,"عَمَلُهُؗ","5:5:38"
"نعمته",4,"نِعْمَتَهُ","5:6:58"
"وامه",4,"وَاُمَّهُ","5:17:24"
"رجس",4,"رِجْسٌ","5:90:9"
"باذنى",4,"بِاِذْنٖي","5:110:34"
"واية",4,"وَاٰيَةً","5:114:17"
"يتوفيكم",4,"يَتَوَفّٰيكُمْ","6:60:3"
"ملكوت",4,"مَلَكُوتَ","6:75:4"
"فلنفسه",4,"فَلِنَفْسِهٖۚ","6:104:8"
"وصيكم",4,"وَصّٰيكُمُ","6:144:21"
"دعويهم",4,"دَعْوٰيهُمْ","7:5:3"
"سواتهما",4,"سَوْاٰتِهِمَا","7:20:10"
"ربالعالمين",4,"رَبِّالْعَالَمٖينَ","7:61:10"
"بسوء",4,"بِسُٓوءٍ","7:73:32"
"ارحم",4,"اَرْحَمُ","7:151:10"
"فتعالى",4,"فَتَعَالَى","7:190:9"
"يغلبوا",4,"يَغْلِبُوا","8:65:12"
"رضوا",4,"رَضُوا","9:58:9"
"يؤذون",4,"يُؤْذُونَ","9:61:3"
"واخرون",4,"وَاٰخَرُونَ","9:102:1"
"اتيها",4,"اَتٰيهَٓا","10:24:28"
"فسل",4,"فَسْـَٔلِ","10:94:8"
"خلفه",4,"خَلْفِهٖ","13:11:7"
"بحمده",4,"بِحَمْدِهٖ","13:13:3"
"شيطان",4,"شَيْطَانٍ","15:17:4"
"مسؤ࣒لا",4,"مَسْؤُ࣒لًا","17:34:17"
"بيمينه",4,"بِيَمٖينِهٖ","17:71:9"
"سببا",4,"سَبَبًاۙ","18:84:10"
"وامن",4,"وَاٰمَنَ","19:60:4"
"افرايت",4,"اَفَرَاَيْتَ","19:77:1"
"لهتكم",4,"اٰلِهَتَكُمْۚ","21:36:12"
"ونجيناه",4,"وَنَجَّيْنَاهُ","21:71:1"
"فاستجبنا",4,"فَاسْتَجَبْنَا","21:76:6"
"اباءهم",4,"اٰبَٓاءَهُمُ","23:68:9"
"ابائكم",4,"اٰبَٓائِكُمْ","24:61:22"
"اخوهم",4,"اَخُوهُمْ","26:106:4"
"راه",4,"رَاٰهُ","27:40:16"
"مالك",3,"مَالِكِ","1:4:1"
"ومتاع",3,"وَمَتَاعٌ","2:36:17"
"لغمام",3,"الْغَمَامَ","2:57:3"
"وادخلوا",3,"وَادْخُلُوا","2:58:11"
"اضرب",3,"اضْرِبْ","2:60:6"
"بعصاك",3,"بِعَصَاكَ","2:60:7"
"لحجر",3,"الْحَجَرَؕ","2:60:8"
"عصوا",3,"عَصَوْا","2:61:58"
"اتيناكم",3,"اٰتَيْنَاكُمْ","2:63:9"
"لبقر",3,"الْبَقَرَ","2:70:10"
"قتلتم",3,"قَتَلْتُمْ","2:72:2"
"كلام",3,"كَلَامَ","2:75:10"
"بئسما",3,"بِئْسَمَا","2:90:1"
"خلاق",3,"خَلَاقٍࣞ","2:102:66"
"تسلوا",3,"تَسْـَٔلُوا","2:108:4"
"مساجد",3,"مَسَاجِدَ","2:114:5"
"اياتك",3,"اٰيَاتِكَ","2:129:8"
"كسبتم",3,"كَسَبْتُمْۚ","2:134:10"
"نفرق",3,"نُفَرِّقُ","2:136:25"
"وليهم",3,"وَلّٰيهُمْ","2:142:6"
"بالناس",3,"بِالنَّاسِ","2:143:43"
"تقلب",3,"تَقَلُّبَ","2:144:3"
"قبلة",3,"قِبْلَةً","2:144:8"
"فول",3,"فَوَلِّ","2:144:10"
"شطر",3,"شَطْرَ","2:144:12"
"اتيت",3,"اَتَيْتَ","2:145:2"
"ويعلمكم",3,"وَيُعَلِّمُكُمُ","2:151:10"
"يقتل",3,"يُقْتَلُ","2:154:4"
"لقوة",3,"الْقُوَّةَ","2:165:25"
"وراوا",3,"وَرَاَوُا","2:166:8"
"باغ",3,"بَاغٍ","2:173:16"
"يكلمهم",3,"يُكَلِّمُهُمُ","2:174:21"
"والنبين",3,"وَالنَّبِيّٖنَۚ","2:177:18"
"واتى",3,"وَاٰتَى","2:177:19"
"لحر",3,"اَلْحُرُّ","2:178:9"
"والاقربين",3,"وَالْاَقْرَبٖينَ","2:180:12"
"لصيام",3,"الصِّيَامُ","2:183:6"
"مريضا",3,"مَرٖيضًا","2:184:6"
"ابوابها",3,"اَبْوَابِهَاࣕ","2:189:23"
"راسه",3,"رَاْسِهٖ","2:196:26"
"اباءكم",3,"اٰبَٓاءَكُمْ","2:200:7"
"تعجل",3,"تَعَجَّلَ","2:203:7"
"يردوكم",3,"يَرُدُّوكُمْ","2:217:33"
"لخمر",3,"الْخَمْرِ","2:219:3"
"والميسر",3,"وَالْمَيْسِرِؕ","2:219:4"
"باللغو",3,"بِاللَّغْوِ","2:225:4"
"يقيما",3,"يُقٖيمَا","2:229:20"
"اتيتم",3,"اٰتَيْتُمْ","2:233:55"
"ملكه",3,"مُلْكَهُ","2:247:38"
"افرغ",3,"اَفْرِغْ","2:250:7"
"ذوفضل",3,"ذُوفَضْلٍ","2:251:24"
"ورفع",3,"وَرَفَعَ","2:253:11"
"يشفع",3,"يَشْفَعُ","2:255:23"
"لغى",3,"الْغَيِّۚ","2:256:9"
"اتيه",3,"اٰتٰيهُ","2:258:10"
"وانظر",3,"وَانْظُرْ","2:259:43"
"فخذ",3,"فَخُذْ","2:260:18"
"واعناب",3,"وَاَعْنَابٍ","2:266:9"
"اغنياء",3,"اَغْنِيَٓاءَ","2:273:14"
"موعظة",3,"مَوْعِظَةٌ","2:275:28"
"كاتب",3,"كَاتِبٌ","2:282:13"
"تخفوه",3,"تُخْفُوهُ","2:284:14"
"وكتبه",3,"وَكُتُبِهٖ","2:285:13"
"وارحمنا",3,"وَارْحَمْنَاࣞ","2:286:43"
"ذوانتقام",3,"ذُوانْتِقَامٍ","3:4:17"
"بنصره",3,"بِنَصْرِهٖ","3:13:21"
"وبينه",3,"وَبَيْنَهُٓ","3:30:18"
"ففى",3,"فَفٖي","3:107:5"
"لانبياء",3,"الْاَنْبِيَٓاءَ","3:112:28"
"يضركم",3,"يَضُرُّكُمْ","3:120:14"
"لعاملين",3,"الْعَامِلٖينَؕ","3:136:15"
"اعقابكم",3,"اَعْقَابِكُمْؕ","3:144:16"
"فاتيهم",3,"فَاٰتٰيهُمُ","3:148:1"
"وماويه",3,"وَمَاْوٰيهُ","3:162:10"
"يحسبن",3,"يَحْسَبَنَّ","3:178:2"
"لوالدان",3,"الْوَالِدَانِ","4:7:5"
"خالدا",3,"خَالِدًا","4:14:9"
"ميثاقا",3,"مٖيثَاقًا","4:21:10"
"واعبدوا",3,"وَاعْبُدُوا","4:36:1"
"مواضعه",3,"مَوَاضِعِهٖ","4:46:7"
"واشد",3,"وَاَشَدَّ","4:66:26"
"فقاتلوا",3,"فَقَاتِلُٓوا","4:76:13"
"اينما",3,"اَيْنَمَا","4:78:1"
"يكادون",3,"يَكَادُونَ","4:78:34"
"يبيتون",3,"يُبَيِّتُونَۚ","4:81:16"
"يهاجروا",3,"يُهَاجِرُوا","4:89:13"
"جاؤ࣒كم",3,"جَٓاؤُ࣒كُمْ","4:90:10"
"ضربتم",3,"ضَرَبْتُمْ","4:94:5"
"يعدهم",3,"يَعِدُهُمْ","4:120:1"
"وقولهم",3,"وَقَوْلِهِمْ","4:155:11"
"واكلهم",3,"وَاَكْلِهِمْ","4:161:6"
"وايوب",3,"وَاَيُّوبَ","4:163:19"
"عبادته",3,"عِبَادَتِهٖ","4:172:14"
"ورضوانا",3,"وَرِضْوَانًاؕ","5:2:23"
"ويلتى",3,"وَيْلَتٰٓى","5:31:14"
"ومثله",3,"وَمِثْلَهُ","5:36:11"
"ولعبا",3,"وَلَعِبًا","5:57:10"
"ارجلهم",3,"اَرْجُلِهِمْؕ","5:66:16"
"ايمان",3,"اَيْمَانٌ","5:108:12"
"علام",3,"عَلَّامُ","5:109:14"
"وعنده",3,"وَعِنْدَهُ","6:59:1"
"تضرعا",3,"تَضَرُّعًا","6:63:9"
"انجينا",3,"اَنْجٰينَا","6:63:12"
"وغرتهم",3,"وَغَرَّتْهُمُ","6:70:7"
"ابائهم",3,"اٰبَٓائِهِمْ","6:87:2"
"قدروا",3,"قَدَرُوا","6:91:2"
"فصلنا",3,"فَصَّلْنَا","6:97:13"
"طلعها",3,"طَلْعِهَا","6:99:22"
"ثمره",3,"ثَمَرِهٖٓ","6:99:35"
"وتمت",3,"وَتَمَّتْ","6:115:1"
"صدره",3,"صَدْرَهُ","6:125:7"
"حقه",3,"حَقَّهُ","6:141:23"
"ايمانها",3,"اٖيمَانُهَا","6:158:23"
"بياتا",3,"بَيَاتًا","7:4:7"
"خلفاء",3,"خُلَفَٓاءَ","7:69:14"
"تمسوها",3,"تَمَسُّوهَا","7:73:31"
"فياخذكم",3,"فَيَاْخُذَكُمْ","7:73:33"
"عذاباليم",3,"عَذَابٌاَلٖيمٌ","7:73:34"
"تتخذون",3,"تَتَّخِذُونَ","7:74:11"
"ابلغتكم",3,"اَبْلَغْتُكُمْ","7:79:7"
"اتاتون",3,"اَتَاْتُونَ","7:80:5"
"تبخسوا",3,"تَبْخَسُوا","7:85:24"
"اشياءهم",3,"اَشْيَٓاءَهُمْ","7:85:26"
"وجاؤ࣒",3,"وَجَٓاؤُ࣒","7:116:9"
"والعاقبة",3,"وَالْعَاقِبَةُ","7:128:15"
"لرجز",3,"الرِّجْزُ","7:134:4"
"فاغرقناهم",3,"فَاَغْرَقْنَاهُمْ","7:136:3"
"واورثنا",3,"وَاَوْرَثْنَا","7:137:1"
"ترينى",3,"تَرٰينٖي","7:143:14"
"مكانه",3,"مَكَانَهُ","7:143:21"
"وكن",3,"وَكُنْ","7:144:13"
"لالواح",3,"الْاَلْوَاحِ","7:145:4"
"شئت",3,"شِئْتَ","7:155:13"
"لغافلون",3,"الْغَافِلُونَ","7:179:30"
"بكلماته",3,"بِكَلِمَاتِهٖ","8:7:20"
"وقلبه",3,"وَقَلْبِهٖ","8:24:17"
"واخرين",3,"وَاٰخَرٖينَ","8:60:15"
"يستو࣒ن",3,"يَسْتَوُ࣒نَ","9:19:17"
"سكينته",3,"سَكٖينَتَهُ","9:26:4"
"نوره",3,"نُورَهُ","9:32:12"
"ليظهره",3,"لِيُظْهِرَهُ","9:33:8"
"جاهد",3,"جَاهِدِ","9:73:3"
"استغفر",3,"اِسْتَغْفِرْ","9:80:1"
"اسس",3,"اُسِّسَ","9:108:6"
"ضره",3,"ضُرَّهُ","10:12:14"
"قران",3,"قُرْاٰنٍ","10:61:9"
"مبصرا",3,"مُبْصِرًاؕ","10:67:9"
"ننجى",3,"نُنَجّٖي","10:103:2"
"ظلمناهم",3,"ظَلَمْنَاهُمْ","11:101:2"
"بتاويله",3,"بِتَاْوٖيلِهٖۚ","12:36:23"
"كيل",3,"كَيْلَ","12:60:6"
"جزاؤه",3,"جَزَٓاؤُ࣑هُٓ","12:74:3"
"روح",3,"رَوْحِ","12:87:11"
"لشيء",3,"لِشَيْءٍ","16:40:3"
"ويجعلون",3,"وَيَجْعَلُونَ","16:56:1"
"ومتاعا",3,"وَمَتَاعًا","16:80:23"
"وجعلناه",3,"وَجَعَلْنَاهُ","17:2:4"
"انعمنا",3,"اَنْعَمْنَا","17:83:2"
"فانطلقا",3,"فَانْطَلَقَاࣞ","18:71:1"
"لقرنين",3,"الْقَرْنَيْنِؕ","18:83:4"
"فردا",3,"فَرْدًا","19:80:5"
"انست",3,"اٰنَسْتُ","20:10:8"
"لعله",3,"لَعَلَّهُ","20:44:5"
"كناظالمين",3,"كُنَّاظَالِمٖينَ","21:14:5"
"واباءهم",3,"وَاٰبَٓاءَهُمْ","21:44:4"
"لكرب",3,"الْكَرْبِ","21:76:11"
"وجعلناها",3,"وَجَعَلْنَاهَا","21:91:8"
"جعلناها",3,"جَعَلْنَاهَا","22:36:2"
"واباؤنا",3,"وَاٰبَٓاؤُ࣑نَا","23:83:4"
"فجعلناه",3,"فَجَعَلْنَاهُ","25:23:7"
"فجعله",3,"فَجَعَلَهُ","25:54:7"
"يستعجلون",3,"يَسْتَعْجِلُونَ","26:204:2"
"امه",3,"اُمِّهٖ","28:13:3"
"شيعته",3,"شٖيعَتِهٖ","28:15:14"
"يلقيها",3,"يُلَقّٰيهَٓا","28:80:14"
"كفره",3,"كُفْرُهُۚ","30:44:4"
"شاهدا",3,"شَاهِدًا","33:45:5"
"خلقناهم",3,"خَلَقْنَاهُمْ","37:11:9"
"جاؤ࣒ها",3,"جَٓاؤُ࣒هَا","39:71:9"
"وانهار",3,"وَاَنْهَارٌ","47:15:12"
"والاو࣒لى",3,"وَالْاُو࣒لٰىࣖ","53:25:3"
"يره",3,"يَرَهُٓ","90:7:4"
"يستحى",2,"يَسْتَحْيٖٓ","2:26:4"
"ميثاقه",2,"مٖيثَاقِهٖࣕ","2:27:7"
"امواتا",2,"اَمْوَاتًا","2:28:5"
"علىالعالمين",2,"عَلَىالْعَالَمٖينَ","2:47:11"
"والفرقان",2,"وَالْفُرْقَانَ","2:53:5"
"بارئكم",2,"بَارِئِكُمْ","2:54:14"
"وظللنا",2,"وَظَلَّلْنَا","2:57:1"
"والسلوى",2,"وَالسَّلْوٰىؕ","2:57:7"
"حطة",2,"حِطَّةٌ","2:58:15"
"نغفر",2,"نَغْفِرْ","2:58:16"
"فبدل",2,"فَبَدَّلَ","2:59:1"
"اثنتا",2,"اثْنَتَا","2:60:11"
"مشربهم",2,"مَشْرَبَهُمْؕ","2:60:18"
"وضربت",2,"وَضُرِبَتْ","2:61:38"
"لذلة",2,"الذِّلَّةُ","2:61:40"
"وباؤ࣒",2,"وَبَٓاؤُ࣒","2:61:42"
"قردة",2,"قِرَدَةً","2:65:11"
"خاسين",2,"خَاسِـٖٔينَۚ","2:65:12"
"فجعلناها",2,"فَجَعَلْنَاهَا","2:66:1"
"نكالا",2,"نَكَالًا","2:66:2"
"تؤمرون",2,"تُؤْمَرُونَ","2:68:23"
"ويريكم",2,"وَيُرٖيكُمْ","2:73:8"
"امانى",2,"اَمَانِيَّ","2:78:7"
"كتبت",2,"كَتَبَتْ","2:79:19"
"يردون",2,"يُرَدُّونَ","2:85:41"
"وايدناه",2,"وَاَيَّدْنَاهُ","2:87:14"
"كذبتم",2,"كَذَّبْتُمْؗ","2:87:26"
"غلف",2,"غُلْفٌؕ","2:88:3"
"عرفوا",2,"عَرَفُوا","2:89:20"
"نزله",2,"نَزَّلَهُ","2:97:7"
"يفرقون",2,"يُفَرِّقُونَ","2:102:38"
"اشتريه",2,"اشْتَرٰيهُ","2:102:60"
"يختص",2,"يَخْتَصُّ","2:105:18"
"برحمته",2,"بِرَحْمَتِهٖ","2:105:19"
"ود",2,"وَدَّ","2:109:1"
"ليست",2,"لَيْسَتِ","2:113:3"
"بديع",2,"بَدٖيعُ","2:117:1"
"ترضى",2,"تَرْضٰى","2:120:2"
"تموتن",2,"تَمُوتُنَّ","2:132:14"
"لهك",2,"اِلٰهَكَ","2:133:17"
"واله",2,"وَاِلٰهَ","2:133:18"
"تهتدوا",2,"تَهْتَدُواؕ","2:135:6"
"صبغة",2,"صِبْغَةَ","2:138:1"
"قبلتهم",2,"قِبْلَتِهِمُ","2:142:8"
"لتكونوا",2,"لِتَكُونُوا","2:143:5"
"وحيث",2,"وَحَيْثُ","2:144:15"
"فولوا",2,"فَوَلُّوا","2:144:18"
"شطره",2,"شَطْرَهُؕ","2:144:20"
"بتابع",2,"بِتَابِـعٍ","2:145:13"
"يعرفونه",2,"يَعْرِفُونَهُ","2:146:4"
"خرجت",2,"خَرَجْتَ","2:149:3"
"استعينوا",2,"اسْتَعٖينُوا","2:153:4"
"اموات",2,"اَمْوَاتٌؕ","2:154:8"
"ونقص",2,"وَنَقْصٍ","2:155:6"
"اصابتهم",2,"اَصَابَتْهُمْ","2:156:3"
"حج",2,"حَجَّ","2:158:8"
"تطوع",2,"تَطَوَّعَ","2:158:19"
"والفلك",2,"وَالْفُلْكِ","2:164:9"
"يزكيهم",2,"يُزَكّٖيهِمْۚ","2:174:26"
"حبه",2,"حُبِّهٖ","2:177:22"
"لباساء",2,"الْبَاْسَٓاءِ","2:177:42"
"بالانثى",2,"بِالْاُنْثٰىؕ","2:178:14"
"لوصية",2,"اَلْوَصِيَّةُ","2:180:10"
"سمعه",2,"سَمِعَهُ","2:181:5"
"فعدة",2,"فَعِدَّةٌ","2:184:10"
"فليستجيبوا",2,"فَلْيَسْتَجٖيبُوا","2:186:12"
"عاكفون",2,"عَاكِفُونَۙ","2:187:51"
"ظهورها",2,"ظُهُورِهَا","2:189:15"
"ثقفتموهم",2,"ثَقِفْتُمُوهُمْ","2:191:3"
"والفتنة",2,"وَالْفِتْنَةُ","2:191:8"
"عدوان",2,"عُدْوَانَ","2:193:12"
"واحسنوا",2,"وَاَحْسِنُواۚۛ","2:195:10"
"استيسر",2,"اسْتَيْسَرَ","2:196:8"
"رؤ࣒سكم",2,"رُؤُ࣒سَكُمْ","2:196:13"
"رجعتم",2,"رَجَعْتُمْؕ","2:196:55"
"فسوق",2,"فُسُوقَ","2:197:11"
"قضيتم",2,"قَضَيْتُمْ","2:200:2"
"وعسى",2,"وَعَسٰٓى","2:216:7"
"يزالون",2,"يَزَالُونَ","2:217:30"
"دينه",2,"دٖينِهٖ","2:217:42"
"لطلاق",2,"الطَّلَاقَ","2:227:3"
"يتربصن",2,"يَتَرَبَّصْنَ","2:228:2"
"بانفسهن",2,"بِاَنْفُسِهِنَّ","2:228:3"
"طلقها",2,"طَلَّقَهَا","2:230:2"
"فبلغن",2,"فَبَلَغْنَ","2:231:4"
"ضرارا",2,"ضِرَارًا","2:231:13"
"تكلف",2,"تُكَلَّفُ","2:233:18"
"يتوفون",2,"يُتَوَفَّوْنَ","2:234:2"
"انفسهن",2,"اَنْفُسِهِنَّ","2:234:20"
"فرضتم",2,"فَرَضْتُمْ","2:237:8"
"موتوا",2,"مُوتُوا","2:243:15"
"فيضاعفه",2,"فَيُضَاعِفَهُ","2:245:8"
"نقاتل",2,"نُقَاتِلْ","2:246:18"
"نبيهم",2,"نَبِيُّهُمْ","2:247:3"
"طالوت",2,"طَالُوتَ","2:247:9"
"تحمله",2,"تَحْمِلُهُ","2:248:21"
"يطعمه",2,"يَطْعَمْهُ","2:249:17"
"طاقة",2,"طَاقَةَ","2:249:38"
"برزوا",2,"بَرَزُوا","2:250:2"
"وثبت",2,"وَثَبِّتْ","2:250:10"
"وانصرنا",2,"وَانْصُرْنَا","2:250:12"
"يحيطون",2,"يُحٖيطُونَ","2:255:34"
"كرسيه",2,"كُرْسِيُّهُ","2:255:42"
"ويؤمن",2,"وَيُؤْمِنْ","2:256:13"
"اولياؤهم",2,"اَوْلِيَٓاؤُ࣑هُمُ","2:257:12"
"ارنى",2,"اَرِنٖي","2:260:5"
"فمثله",2,"فَمَثَلُهُ","2:264:19"
"تنفقون",2,"تُنْفِقُونَ","2:267:18"
"نفقة",2,"نَفَقَةٍ","2:270:4"
"يوف",2,"يُوَفَّ","2:272:24"
"رؤ࣒س",2,"رُؤُ࣒سُ","2:279:12"
"توفى",2,"تُوَفّٰى","2:281:8"
"ياب",2,"يَاْبَ","2:282:16"
"يكتب",2,"يَكْتُبَ","2:282:19"
"وليتق",2,"وَلْيَتَّقِ","2:282:28"
"يستطيع",2,"يَسْتَطٖيعُ","2:282:45"
"لشهداء",2,"الشُّهَدَٓاءِ","2:282:65"
"تضل",2,"تَضِلَّ","2:282:67"
"حاضرة",2,"حَاضِرَةً","2:282:100"
"قبلنا",2,"قَبْلِنَاۚ","2:286:30"
"مولينا",2,"مَوْلٰينَا","2:286:45"
"بغيرحساب",2,"بِغَيْرِحِسَابٍ","3:37:34"
"ايتك",2,"اٰيَتُكَ","3:41:7"
"والتورية",2,"وَالتَّوْرٰيةَ","3:48:4"
"واشهد",2,"وَاشْهَدْ","3:52:18"
"بانا",2,"بِاَنَّا","3:52:19"
"فاكتبنا",2,"فَاكْتُبْنَا","3:53:7"
"فيوفيهم",2,"فَيُوَفّٖيهِمْ","3:57:6"
"فقولوا",2,"فَقُولُوا","3:64:28"
"تحاجون",2,"تُحَٓاجُّونَ","3:65:4"
"مسلما",2,"مُسْلِمًاؕ","3:67:10"
"يؤده",2,"يُؤَدِّهٖٓ","3:75:8"
"بعهده",2,"بِعَهْدِهٖ","3:76:4"
"ازدادوا",2,"ازْدَادُوا","3:90:7"
"فاتبعوا",2,"فَاتَّبِعُوا","3:95:4"
"بحبل",2,"بِحَبْلِ","3:103:2"
"اخوانا",2,"اِخْوَانًاۚ","3:103:19"
"شفا",2,"شَفَا","3:103:22"
"وتؤمنون",2,"وَتُؤْمِنُونَ","3:110:11"
"ثقفوا",2,"ثُقِفُٓوا","3:112:6"
"يعتدون",2,"يَعْتَدُونَࣞ","3:112:35"
"ليسوا",2,"لَيْسُوا","3:113:1"
"اناء",2,"اٰنَٓاءَ","3:113:11"
"يفعلوا",2,"يَفْعَلُوا","3:115:2"
"عنتم",2,"عَنِتُّمْۚ","3:118:14"
"اولاء",2,"اُو࣑لَٓاءِ","3:119:2"
"فاستغفروا",2,"فَاسْتَغْفَرُوا","3:135:10"
"لذنوب",2,"الذُّنُوبَ","3:135:14"
"قرح",2,"قَرْحٌ","3:140:3"
"ويتخذ",2,"وَيَتَّخِذَ","3:140:18"
"وليمحص",2,"وَلِيُمَحِّصَ","3:141:1"
"تمنون",2,"تَمَنَّوْنَ","3:143:3"
"افائن",2,"اَفَا࣑ئِنْ","3:144:10"
"انقلبتم",2,"انْقَلَبْتُمْ","3:144:14"
"استكانوا",2,"اسْتَكَانُواؕ","3:146:18"
"قتلنا",2,"قُتِلْنَا","3:154:49"
"لالى",2,"لَاِلَى","3:158:5"
"فتوكل",2,"فَتَوَكَّلْ","3:159:24"
"اصابتكم",2,"اَصَابَتْكُمْ","3:165:2"
"اولياءه",2,"اَوْلِيَٓاءَهُࣕ","3:175:5"
"نملى",2,"نُمْلٖي","3:178:6"
"بخلوا",2,"بَخِلُوا","3:180:19"
"سنكتب",2,"سَنَكْتُبُ","3:181:12"
"وقتلهم",2,"وَقَتْلَهُمُ","3:181:15"
"فاز",2,"فَازَؕ","3:185:17"
"وقعودا",2,"وَقُعُودًا","3:191:5"
"وتوفنا",2,"وَتَوَفَّنَا","3:193:18"
"واو࣒ذوا",2,"وَاُو࣒ذُوا","3:195:22"
"واتيتم",2,"وَاٰتَيْتُمْ","4:20:7"
"نقيرا",2,"نَقٖيرًاۙ","4:53:10"
"سندخلهم",2,"سَنُدْخِلُهُمْ","4:57:5"
"لوجدوا",2,"لَوَجَدُوا","4:64:20"
"تسليما",2,"تَسْلٖيمًا","4:65:19"
"حذركم",2,"حِذْرَكُمْ","4:71:5"
"نؤتيه",2,"نُؤْتٖيهِ","4:74:19"
"والمستضعفين",2,"وَالْمُسْتَضْعَفٖينَ","4:75:8"
"والنساء",2,"وَالنِّسَٓاءِ","4:75:11"
"والولدان",2,"وَالْوِلْدَانِ","4:75:12"
"يكف",2,"يَكُفَّ","4:84:14"
"اصدق",2,"اَصْدَقُ","4:87:14"
"اتريدون",2,"اَتُرٖيدُونَ","4:88:10"
"فخذوهم",2,"فَخُذُوهُمْ","4:89:19"
"والقوا",2,"وَاَلْقَوْا","4:90:28"
"متعمدا",2,"مُتَعَمِّدًا","4:93:4"
"فعند",2,"فَعِنْدَ","4:94:22"
"ولياخذوا",2,"وَلْيَاْخُذُٓوا","4:102:11"
"يصلوا",2,"يُصَلُّوا","4:102:22"
"اسلحتكم",2,"اَسْلِحَتِكُمْ","4:102:34"
"تالمون",2,"تَاْلَمُونَ","4:104:8"
"اريك",2,"اَرٰيكَ","4:105:10"
"تجادل",2,"تُجَادِلْ","4:107:2"
"يستخفون",2,"يَسْتَخْفُونَ","4:108:1"
"يكسب",2,"يَكْسِبْ","4:111:2"
"يضلوك",2,"يُضِلُّوكَؕ","4:113:10"
"شيطانا",2,"شَيْطَانًا","4:117:10"
"لعنه",2,"لَعَنَهُ","4:118:1"
"ولامرنهم",2,"وَلَاٰمُرَنَّهُمْ","4:119:3"
"يفتيكم",2,"يُفْتٖيكُمْ","4:127:6"
"سعته",2,"سَعَتِهٖؕ","4:130:7"
"ليهديهم",2,"لِيَهْدِيَهُمْ","4:137:19"
"تقعدوا",2,"تَقْعُدُوا","4:140:16"
"كسالى",2,"كُسَالٰىۙ","4:142:12"
"يراؤ࣒ن",2,"يُرَٓاؤُ࣒نَ","4:142:13"
"وامنتم",2,"وَاٰمَنْتُمْؕ","4:147:7"
"يفرقوا",2,"يُفَرِّقُوا","4:150:8"
"بظلمهم",2,"بِظُلْمِهِمْۚ","4:153:22"
"قتلوه",2,"قَتَلُوهُ","4:157:11"
"ليؤمنن",2,"لَيُؤْمِنَنَّ","4:159:6"
"ويونس",2,"وَيُونُسَ","4:163:20"
"زبورا",2,"زَبُورًاۚ","4:163:25"
"تغلوا",2,"تَغْلُوا","4:171:4"
"يستنكف",2,"يَسْتَنْكِفَ","4:172:2"
"يرثها",2,"يَرِثُهَٓا","4:176:20"
"رضوانه",2,"رِضْوَانَهُ","5:16:6"
"واتيكم",2,"وَاٰتٰيكُمْ","5:20:17"
"فقتله",2,"فَقَتَلَهُ","5:30:6"
"سواة",2,"سَوْاَةَ","5:31:10"
"ظلمه",2,"ظُلْمِهٖ","5:39:5"
"والكفار",2,"وَالْكُفَّارَ","5:57:17"
"اكثركم",2,"اَكْثَرَكُمْ","5:59:19"
"لسحت",2,"السُّحْتَؕ","5:62:9"
"وليزيدن",2,"وَلَيَزٖيدَنَّ","5:64:17"
"رسالته",2,"رِسَالَتَهُؕ","5:67:15"
"وصموا",2,"وَصَمُّوا","5:71:6"
"اتعبدون",2,"اَتَعْبُدُونَ","5:76:2"
"تفيض",2,"تَفٖيضُ","5:83:9"
"لدمع",2,"الدَّمْعِ","5:83:11"
"مساكين",2,"مَسَاكٖينَ","5:89:15"
"بالغ",2,"بَالِغَ","5:95:25"
"لكعبة",2,"الْكَعْبَةِ","5:95:26"
"صيد",2,"صَيْدُ","5:96:3"
"اعجبك",2,"اَعْجَبَكَ","5:100:7"
"تبد",2,"تُبْدَ","5:101:9"
"فيقسمان",2,"فَيُقْسِمَانِ","5:106:32"
"اجبتم",2,"اُجِبْتُمْؕ","5:109:7"
"جئتهم",2,"جِئْتَهُمْ","5:110:54"
"سحرمبين",2,"سِحْرٌمُبٖينٌ","5:110:63"
"مائدة",2,"مَٓائِدَةً","5:112:14"
"كنتممؤمنين",2,"كُنْتُمْمُؤْمِنٖينَ","5:112:21"
"اعذبه",2,"اُعَذِّبُهُ","5:115:11"
"ءانت",2,"ءَاَنْتَ","5:116:8"
"لهين",2,"اِلٰهَيْنِ","5:116:13"
"واو࣒حى",2,"وَاُو࣒حِيَ","6:19:11"
"ارايتكم",2,"اَرَاَيْتَكُمْ","6:40:2"
"نهيت",2,"نُهٖيتُ","6:56:3"
"يقص",2,"يَقُصُّ","6:57:18"
"موليهم",2,"مَوْلٰيهُمُ","6:62:5"
"ينجيكم",2,"يُنَجّٖيكُمْ","6:63:3"
"وخفية",2,"وَخُفْيَةًۚ","6:63:10"
"اصناما",2,"اَصْنَامًا","6:74:7"
"اشركتم",2,"اَشْرَكْتُمْ","6:81:4"
"نرفع",2,"نَرْفَعُ","6:83:7"
"وزكريا",2,"وَزَكَرِيَّا","6:85:1"
"واخوانهم",2,"وَاِخْوَانِهِمْۚ","6:87:4"
"فالق",2,"فَالِقُ","6:95:3"
"سكنا",2,"سَكَنًا","6:96:5"
"نخرج",2,"نُخْرِجُ","6:99:15"
"لنخل",2,"النَّخْلِ","6:99:20"
"والرمان",2,"وَالرُّمَّانَ","6:99:29"
"اثمر",2,"اَثْمَرَ","6:99:37"
"بحفيظ",2,"بِحَفٖيظٍ","6:104:15"
"زخرف",2,"زُخْرُفَ","6:112:13"
"لكلماته",2,"لِكَلِمَاتِهٖۚ","6:115:8"
"سيجزون",2,"سَيُجْزَوْنَ","6:120:9"
"سيصيب",2,"سَيُصٖيبُ","6:124:19"
"يضله",2,"يُضِلَّهُ","6:125:12"
"استمتع",2,"اسْتَمْتَعَ","6:128:16"
"وينذرونكم",2,"وَيُنْذِرُونَكُمْ","6:130:12"
"ذوالرحمة",2,"ذُوالرَّحْمَةِؕ","6:133:3"
"ويستخلف",2,"وَيَسْتَخْلِفْ","6:133:8"
"بزعمهم",2,"بِزَعْمِهِمْ","6:136:12"
"يصل",2,"يَصِلُ","6:136:19"
"افتراء",2,"افْتِرَٓاءً","6:138:21"
"سيجزيهم",2,"سَيَجْزٖيهِمْ","6:138:23"
"ازواجنا",2,"اَزْوَاجِنَاۚ","6:139:11"
"ميتة",2,"مَيْتَةً","6:139:14"
"انشا",2,"اَنْشَاَ","6:141:3"
"معروشات",2,"مَعْرُوشَاتٍ","6:141:5"
"لذكرين",2,"آٰلذَّكَرَيْنِ","6:143:10"
"اشتملت",2,"اشْتَمَلَتْ","6:143:15"
"ارحام",2,"اَرْحَامُ","6:143:17"
"حملت",2,"حَمَلَتْ","6:146:16"
"عندكم",2,"عِنْدَكُمْ","6:148:25"
"لهديكم",2,"لَهَدٰيكُمْ","6:149:7"
"هدينى",2,"هَدٰينٖي","6:161:3"
"مكناكم",2,"مَكَّنَّاكُمْ","7:10:2"
"وخلقته",2,"وَخَلَقْتَهُ","7:12:15"
"لايؤمنون",2,"لَايُؤْمِنُونَ","7:27:30"
"او࣒رثتموها",2,"اُو࣒رِثْتُمُوهَا","7:43:33"
"اصلاحها",2,"اِصْلَاحِهَا","7:56:6"
"نباته",2,"نَبَاتُهُ","7:58:4"
"ابلغكم",2,"اُبَلِّغُكُمْ","7:62:1"
"اوعجبتم",2,"اَوَعَجِبْتُمْ","7:63:1"
"لينذركم",2,"لِيُنْذِرَكُمْ","7:63:10"
"افلاتتقون",2,"اَفَلَاتَتَّقُونَ","7:65:15"
"سفاهة",2,"سَفَاهَةٍ","7:66:10"
"وتنحتون",2,"وَتَنْحِتُونَ","7:74:15"
"ونصحت",2,"وَنَصَحْتُ","7:79:10"
"شهوة",2,"شَهْوَةً","7:81:4"
"قريتكم",2,"قَرْيَتِكُمْۚ","7:82:10"
"يتطهرون",2,"يَتَطَهَّرُونَ","7:82:13"
"ضحى",2,"ضُحًى","7:98:7"
"افامنوا",2,"اَفَاَمِنُوا","7:99:1"
"فظلموا",2,"فَظَلَمُوا","7:103:10"
"ببينة",2,"بِبَيِّنَةٍ","7:105:12"
"تلقى",2,"تُلْقِيَ","7:115:6"
"نكون",2,"نَكُونَ","7:115:9"
"جئتنا",2,"جِئْتَنَاؕ","7:129:10"
"عدوكم",2,"عَدُوَّكُمْ","7:129:16"
"يعرشون",2,"يَعْرِشُونَ","7:137:29"
"وجاوزنا",2,"وَجَاوَزْنَا","7:138:1"
"ببنى",2,"بِبَنٖٓي","7:138:2"
"انجيناكم",2,"اَنْجَيْنَاكُمْ","7:141:2"
"ميقات",2,"مٖيقَاتُ","7:142:8"
"لميقاتنا",2,"لِمٖيقَاتِنَا","7:143:4"
"ساريكم",2,"سَاُرٖيكُمْ","7:145:18"
"يتخذوه",2,"يَتَّخِذُوهُ","7:146:22"
"خوار",2,"خُوَارٌؕ","7:148:11"
"غضبان",2,"غَضْبَانَ","7:150:6"
"تجعلنى",2,"تَجْعَلْنٖي","7:150:36"
"سبعين",2,"سَبْعٖينَ","7:155:4"
"لامى",2,"الْاُمِّيَّ","7:157:5"
"لخبائث",2,"الْخَبَٓائِثَ","7:157:23"
"وبه",2,"وَبِهٖ","7:159:7"
"وقطعناهم",2,"وَقَطَّعْنَاهُمُ","7:160:1"
"امما",2,"اُمَمًاؕ","7:160:5"
"اسكنوا",2,"اسْكُنُوا","7:161:4"
"فخلف",2,"فَخَلَفَ","7:169:1"
"يلهث",2,"يَلْهَثْ","7:176:17"
"فادعوه",2,"فَادْعُوهُ","7:180:4"
"مرسيها",2,"مُرْسٰيهَاؕ","7:187:5"
"اتيهما",2,"اٰتٰيهُمَا","7:190:2"
"وتريهم",2,"وَتَرٰيهُمْ","7:198:7"
"تاتهم",2,"تَاْتِهِمْ","7:203:3"
"فاستمعوا",2,"فَاسْتَمِعُوا","7:204:4"
"لخائنين",2,"الْخَٓائِنٖينَࣖ","8:58:14"
"يريدوا",2,"يُرٖيدُٓوا","8:62:2"
"حسبك",2,"حَسْبَكَ","8:62:6"
"مائتين",2,"مِائَتَيْنِۚ","8:65:13"
"اووا",2,"اٰوَوْا","8:72:12"
"ونصروا",2,"وَنَصَرُٓوا","8:72:13"
"لصاحبه",2,"لِصَاحِبِهٖ","9:40:18"
"يصيبكم",2,"يُصٖيبَكُمُ","9:52:12"
"وتزهق",2,"وَتَزْهَقَ","9:55:14"
"واياته",2,"وَاٰيَاتِهٖ","9:65:10"
"واكثر",2,"وَاَكْثَرَ","9:69:8"
"اموالا",2,"اَمْوَالًا","9:69:9"
"واولادا",2,"وَاَوْلَادًاؕ","9:69:10"
"بخلاقهم",2,"بِخَلَاقِهِمْ","9:69:12"
"وكفروا",2,"وَكَفَرُوا","9:74:9"
"يلقونه",2,"يَلْقَوْنَهُ","9:77:7"
"سرهم",2,"سِرَّهُمْ","9:78:6"
"ونجويهم",2,"وَنَجْوٰيهُمْ","9:78:7"
"تصل",2,"تُصَلِّ","9:84:2"
"تقم",2,"تَقُمْ","9:84:9"
"لخوالف",2,"الْخَوَالِفِ","9:87:5"
"وطبع",2,"وَطُبِـعَ","9:87:6"
"يستاذنونك",2,"يَسْتَاْذِنُونَكَ","9:93:5"
"والانصار",2,"وَالْاَنْصَارِ","9:100:5"
"بنوا",2,"بَنَوْا","9:110:5"
"وعدها",2,"وَعَدَهَٓا","9:114:9"
"حولهم",2,"حَوْلَهُمْ","9:120:6"
"ولينذروا",2,"وَلِيُنْذِرُوا","9:122:16"
"رجعوا",2,"رَجَعُٓوا","9:122:19"
"فزادتهم",2,"فَزَادَتْهُمْ","9:124:15"
"تفترون",2,"تَفْتَرُونَ","10:59:20"
"يفلحون",2,"يُفْلِحُونَؕ","10:69:9"
"فاجمعوا",2,"فَاَجْمِعُٓوا","10:71:21"
"فجاؤ࣒هم",2,"فَجَٓاؤُ࣒هُمْ","10:74:8"
"جئتم",2,"جِئْتُمْ","10:81:6"
"يصلح",2,"يُصْلِحُ","10:81:15"
"فاتبعهم",2,"فَاَتْبَعَهُمْ","10:90:5"
"يقرؤ࣒ن",2,"يَقْرَؤُ࣒نَ","10:94:10"
"يونس",2,"يُونُسَؕ","10:98:9"
"واتينى",2,"وَاٰتٰينٖي","11:28:11"
"افتريته",2,"افْتَرَيْتُهُ","11:35:6"
"وامراته",2,"وَامْرَاَتُهُ","11:71:1"
"باسحق",2,"بِاِسْحٰقَۙ","11:71:5"
"سيء",2,"سٖٓيءَ","11:77:5"
"يهرعون",2,"يُهْرَعُونَ","11:78:3"
"بناتى",2,"بَنَاتٖي","11:78:14"
"اطهر",2,"اَطْهَرُ","11:78:16"
"تخزون",2,"تُخْزُونِ","11:78:21"
"ضيفى",2,"ضَيْفٖيؕ","11:78:23"
"بقطع",2,"بِقِطْعٍ","11:81:12"
"يلتفت",2,"يَلْتَفِتْ","11:81:16"
"عاليها",2,"عَالِيَهَا","11:82:5"
"سافلها",2,"سَافِلَهَا","11:82:6"
"لمكيال",2,"الْمِكْيَالَ","11:84:17"
"لارضمفسدين",2,"الْاَرْضِمُفْسِدٖينَ","11:85:14"
"لانت",2,"لَاَنْتَ","11:87:19"
"كاذب",2,"كَاذِبٌؕ","11:93:16"
"لهتهم",2,"اٰلِهَتُهُمُ","11:101:9"
"زفير",2,"زَفٖيرٌ","11:106:8"
"فاعبده",2,"فَاعْبُدْهُ","11:123:9"
"عدومبين",2,"عَدُوٌّمُبٖينٌ","12:5:15"
"نتخذه",2,"نَتَّخِذَهُ","12:21:13"
"راودته",2,"رَاوَدْتُهُ","12:32:7"
"ارينى",2,"اَرٰينٖٓي","12:36:8"
"صاحبى",2,"صَاحِبَيِ","12:39:2"
"جهزهم",2,"جَهَّزَهُمْ","12:59:2"
"بجهازهم",2,"بِجَهَازِهِمْ","12:59:3"
"بضاعتهم",2,"بِضَاعَتَهُمْ","12:62:4"
"اخانا",2,"اَخَانَا","12:63:12"
"ردت",2,"رُدَّتْ","12:65:6"
"بعير",2,"بَعٖيرٍؕ","12:65:22"
"موثقا",2,"مَوْثِقًا","12:66:7"
"اتوه",2,"اٰتَوْهُ","12:66:17"
"ابوهم",2,"اَبُوهُمْؕ","12:68:6"
"علمناه",2,"عَلَّمْنَاهُ","12:68:25"
"لعير",2,"الْعٖيرُ","12:70:13"
"وعاء",2,"وِعَٓاءِ","12:76:4"
"سرق",2,"سَرَقَ","12:77:5"
"نجيا",2,"نَجِيًّاؕ","12:80:5"
"كبيرهم",2,"كَبٖيرُهُمْ","12:80:7"
"ابرح",2,"اَبْرَحَ","12:80:25"
"اذهبوا",2,"اذْهَبُوا","12:87:3"
"فالقوه",2,"فَاَلْقُوهُ","12:93:4"
"ابويه",2,"اَبَوَيْهِ","12:99:7"
"والحقنى",2,"وَاَلْحِقْنٖي","12:101:20"
"بالصالحين",2,"بِالصَّالِحٖينَ","12:101:21"
"مشركون",2,"مُشْرِكُونَ","12:106:7"
"وانهارا",2,"وَاَنْهَارًاؕ","13:3:8"
"ويدرؤ࣒ن",2,"وَيَدْرَؤُ࣒نَ","13:22:13"
"ورائه",2,"وَرَٓائِهٖ","14:16:2"
"بلاغ",2,"بَلَاغٌ","14:52:2"
"سويته",2,"سَوَّيْتُهُ","15:29:2"
"قدرنا",2,"قَدَّرْنَٓاۙ","15:60:3"
"مشرقين",2,"مُشْرِقٖينَۙ","15:73:3"
"لاتية",2,"لَاٰتِيَةٌ","15:85:11"
"فاصفح",2,"فَاصْفَحِ","15:85:12"
"اتيناك",2,"اٰتَيْنَاكَ","15:87:2"
"تمدن",2,"تَمُدَّنَّ","15:88:2"
"عينيك",2,"عَيْنَيْكَ","15:88:3"
"فوربك",2,"فَوَرَبِّكَ","15:92:1"
"تؤمر",2,"تُؤْمَرُ","15:94:3"
"واتيهم",2,"وَاَتٰيهُمُ","16:26:16"
"تتوفيهم",2,"تَتَوَفّٰيهُمُ","16:28:2"
"مسكم",2,"مَسَّكُمُ","16:53:9"
"لشجر",2,"الشَّجَرِ","16:68:11"
"شفاء",2,"شِفَٓاءٌ","16:69:17"
"افبالباطل",2,"اَفَبِالْبَاطِلِ","16:72:16"
"موليه",2,"مَوْلٰيهُۙ","16:76:14"
"اثاثا",2,"اَثَاثًا","16:80:22"
"تقيكم",2,"تَقٖيكُمُ","16:81:15"
"باسكم",2,"بَاْسَكُمْؕ","16:81:19"
"زدناهم",2,"زِدْنَاهُمْ","16:88:7"
"للمسلمين",2,"لِلْمُسْلِمٖينَࣖ","16:89:24"
"عربى",2,"عَرَبِيٌّ","16:103:15"
"ايمانه",2,"اٖيمَانِهٖٓ","16:106:6"
"قصصنا",2,"قَصَصْنَا","16:118:6"
"اجتبيه",2,"اِجْتَبٰيهُ","16:121:3"
"بالحكمة",2,"بِالْحِكْمَةِ","16:125:5"
"يصليها",2,"يَصْلٰيهَا","17:18:16"
"لوليه",2,"لِوَلِيِّهٖ","17:33:14"
"بالايات",2,"بِالْاٰيَاتِ","17:59:5"
"وعدهم",2,"وَعِدْهُمْؕ","17:64:14"
"تارة",2,"تَارَةً","17:69:6"
"نافلة",2,"نَافِلَةً","17:79:5"
"ونا",2,"وَنَاٰ","17:83:6"
"بجانبه",2,"بِجَانِبِهٖۚ","17:83:7"
"خلالها",2,"خِلَالَهَا","17:91:10"
"لاظنك",2,"لَاَظُنُّكَ","17:101:16"
"فاراد",2,"فَاَرَادَ","17:103:1"
"وبالحق",2,"وَبِالْحَقِّ","17:105:1"
"مبشرا",2,"مُبَشِّرًا","17:105:8"
"للاذقان",2,"لِلْاَذْقَانِ","17:107:17"
"وابتغ",2,"وَابْتَغِ","17:110:19"
"بنيانا",2,"بُنْيَانًاؕ","18:21:21"
"ظاهرا",2,"ظَاهِرًاࣕ","18:22:28"
"يحاوره",2,"يُحَاوِرُهُٓ","18:34:7"
"ينصرونه",2,"يَنْصُرُونَهُ","18:43:5"
"فدعوهم",2,"فَدَعَوْهُمْ","18:52:7"
"جدلا",2,"جَدَلًا","18:54:14"
"لفتيه",2,"لِفَتٰيهُ","18:60:4"
"مجمع",2,"مَجْمَعَ","18:60:9"
"وعلمناه",2,"وَعَلَّمْنَاهُ","18:65:9"
"خبرا",2,"خُبْرًا","18:68:8"
"غلاما",2,"غُلَامًا","18:74:5"
"وجدها",2,"وَجَدَهَا","18:86:6"
"ياجوج",2,"يَاْجُوجَ","18:94:6"
"وماجوج",2,"وَمَاْجُوجَ","18:94:7"
"خرجا",2,"خَرْجًا","18:94:14"
"اتونى",2,"اٰتُونٖي","18:96:1"
"زبر",2,"زُبَرَ","18:96:2"
"ولقائه",2,"وَلِقَٓائِهٖ","18:105:6"
"فليعمل",2,"فَلْيَعْمَلْ","18:110:17"
"وناديناه",2,"وَنَادَيْنَاهُ","19:52:1"
"ايدينا",2,"اَيْدٖينَا","19:64:9"
"حول",2,"حَوْلَ","19:68:6"
"جثيا",2,"جِثِيًّاۚ","19:68:8"
"عدا",2,"عَدًّاۚ","19:84:7"
"نحشر",2,"نَحْشُرُ","19:85:2"
"يسرناه",2,"يَسَّرْنَاهُ","19:97:2"
"بلسانك",2,"بِلِسَانِكَ","19:97:3"
"اتية",2,"اٰتِيَةٌ","20:15:3"
"لنهى",2,"النُّهٰىࣖ","20:54:9"
"كيده",2,"كَيْدَهُ","20:60:4"
"ويلكم",2,"وَيْلَكُمْ","20:61:4"
"هذان",2,"هٰذَانِ","20:63:3"
"ولتعلمن",2,"وَلَتَعْلَمُنَّ","20:71:22"
"غضبى",2,"غَضَبٖيۚ","20:81:11"
"لسامرى",2,"السَّامِرِيُّ","20:85:9"
"فنسى",2,"فَنَسِيَؕ","20:88:12"
"عاكفين",2,"عَاكِفٖينَ","20:91:5"
"نسفا",2,"نَسْفًا","20:97:28"
"لاصوات",2,"الْاَصْوَاتُ","20:108:8"
"بالقران",2,"بِالْقُرْاٰنِ","20:114:7"
"لزاما",2,"لِزَامًا","20:129:7"
"عالمين",2,"عَالِمٖينَۚ","21:51:9"
"بالهتنا",2,"بِاٰلِهَتِنَٓا","21:59:5"
"امتكم",2,"اُمَّتُكُمْ","21:92:3"
"فتحت",2,"فُتِحَتْ","21:96:3"
"ينسلون",2,"يَنْسِلُونَ","21:96:10"
"واقترب",2,"وَاقْتَرَبَ","21:97:1"
"ابائنا",2,"اٰبَٓائِنَا","23:24:25"
"فكنتم",2,"فَكُنْتُمْ","23:66:6"
"ضالين",2,"ضَٓالّٖينَ","23:106:8"
"حسابه",2,"حِسَابُهُ","23:117:12"
"ابائهن",2,"اٰبَٓائِهِنَّ","24:31:25"
"واتوهم",2,"وَاٰتُوهُمْ","24:33:22"
"خلاله",2,"خِلَالِهٖۚ","24:43:17"
"بطنه",2,"بَطْنِهٖۚ","24:45:11"
"صلوة",2,"صَلٰوةِ","24:58:17"
"مفاتحه",2,"مَفَاتِحَهُٓ","24:61:47"
"تحية",2,"تَحِيَّةً","24:61:64"
"فقدره",2,"فَقَدَّرَهُ","25:2:18"
"لهه",2,"اِلٰهَهُ","25:43:4"
"انعاما",2,"اَنْعَامًا","25:49:8"
"جهادا",2,"جِهَادًا","25:52:6"
"نسبا",2,"نَسَبًا","25:54:8"
"لجاهلون",2,"الْجَاهِلُونَ","25:63:10"
"سليم",2,"سَلٖيمٍؕ","26:89:6"
"لتكونن",2,"لَتَكُونَنَّ","26:116:7"
"لباقين",2,"الْبَاقٖينَؕ","26:120:4"
"بطشتم",2,"بَطَشْتُمْ","26:130:2"
"امدكم",2,"اَمَدَّكُمْ","26:132:3"
"لمسحرين",2,"الْمُسَحَّرٖينَۚ","26:153:5"
"دمرنا",2,"دَمَّرْنَا","26:172:2"
"افبعذابنا",2,"اَفَبِعَذَابِنَا","26:204:1"
"راها",2,"رَاٰهَا","27:10:4"
"واو࣒تينا",2,"وَاُو࣒تٖينَا","27:16:10"
"ترضيه",2,"تَرْضٰيهُ","27:19:19"
"فتلك",2,"فَتِلْكَ","27:52:1"
"انهارا",2,"اَنْهَارًا","27:61:7"
"ضلالتهم",2,"ضَلَالَتِهِمْؕ","27:81:6"
"داخرين",2,"دَاخِرٖينَ","27:87:18"
"امنون",2,"اٰمِنُونَ","27:89:11"
"عدوه",2,"عَدُوِّهٖۚ","28:15:17"
"باهله",2,"بِاَهْلِهٖٓ","28:29:6"
"هامان",2,"هَامَانُ","28:38:14"
"لاظنه",2,"لَاَظُنُّهُ","28:38:26"
"لمحضرين",2,"الْمُحْضَرٖينَ","28:61:17"
"سرمدا",2,"سَرْمَدًا","28:71:8"
"او࣒تيته",2,"اُو࣒تٖيتُهُ","28:78:3"
"وماويكم",2,"وَمَاْوٰيكُمُ","29:25:22"
"وقارون",2,"وَقَارُونَ","29:39:1"
"نجيهم",2,"نَجّٰيهُمْ","29:65:11"
"معذرتهم",2,"مَعْذِرَتُهُمْ","30:57:6"
"وفصاله",2,"وَفِصَالُهُ","31:14:9"
"مقداره",2,"مِقْدَارُهُٓ","32:5:13"
"ازواجه",2,"اَزْوَاجَهُ","33:53:60"
"اطعنا",2,"اَطَعْنَا","33:66:9"
"فراه",2,"فَرَاٰهُ","35:8:6"
"لسيى",2,"السَّيِّئِؕ","35:43:5"
"اواباؤنا",2,"اَوَاٰبَٓاؤُ࣑نَا","37:17:1"
"لكنت",2,"لَكُنْتُ","37:57:4"
"لاكلون",2,"لَاٰكِلُونَ","37:66:2"
"فمالؤ࣒ن",2,"فَمَالِؤُ࣒نَ","37:66:4"
"سقيم",2,"سَقٖيمٌ","37:89:3"
"لمحضرون",2,"لَمُحْضَرُونَۙ","37:127:3"
"مرحبا",2,"مَرْحَبًا","38:59:6"
"فتريه",2,"فَتَرٰيهُ","39:21:21"
"وجيء",2,"وَجٖٓيءَ","39:69:7"
"وسيق",2,"وَسٖيقَ","39:71:1"
"زمرا",2,"زُمَرًاؕ","39:71:6"
"بانه",2,"بِاَنَّهُٓ","40:12:2"
"ذوالعرش",2,"ذُوالْعَرْشِۚ","40:15:3"
"واثارا",2,"وَاٰثَارًا","40:21:18"
"كاذبا",2,"كَاذِبًا","40:28:22"
"سبيلالرشاد",2,"سَبٖيلَالرَّشَادِ","40:29:26"
"ولتبلغوا",2,"وَلِتَبْلُغُٓوا","40:67:26"
"وخسر",2,"وَخَسِرَ","40:78:30"
"ابوابا",2,"اَبْوَابًا","43:34:2"
"ووقيهم",2,"وَوَقٰيهُمْ","44:56:8"
"قرينه",2,"قَرٖينُهُ","50:23:2"
"ويطوف",2,"وَيَطُوفُ","52:24:1"
"يطمثهن",2,"يَطْمِثْهُنَّ","55:56:5"
"حسان",2,"حِسَانٌۚ","55:70:3"
"فشاربون",2,"فَشَارِبُونَ","56:54:1"
"نجويكم",2,"نَجْوٰيكُمْ","58:12:10"
"فانسيهم",2,"فَاَنْسٰيهُمْ","58:19:4"
"ينهيكم",2,"يَنْهٰيكُمُ","60:8:2"
"سياته",2,"سَيِّــَٔاتِهٖ","64:9:15"
"وصاحبته",2,"وَصَاحِبَتِهٖ","70:12:1"
"فاقرؤ࣒ا",2,"فَاقْرَؤُ࣒ا","73:20:26"
"ذكره",2,"ذَكَرَهُؕ","74:55:3"
"تشاؤ࣒ن",2,"تَشَٓاؤُ࣒نَ","76:30:2"
"ناديه",2,"نَادٰيهُ","79:16:2"
"بنيها",2,"بَنٰيهَاࣞ","79:27:6"
"فسويها",2,"فَسَوّٰيهَاۙ","79:28:3"
"ضحيها",2,"ضُحٰيهَاࣕ","79:29:4"
"ابتليه",2,"ابْتَلٰيهُ","89:15:5"
"فسنيسره",2,"فَسَنُيَسِّرُهُ","92:7:1"
"مستهزؤ࣒ن",1,"مُسْتَهْزِؤُ࣒نَ","2:14:16"
"فسويهن",1,"فَسَوّٰيهُنَّ","2:29:13"
"انبؤ࣒نى",1,"اَنْبِؤُ࣒نٖي","2:31:10"
"او࣒ف",1,"اُو࣒فِ","2:40:11"
"وايايفارهبون",1,"وَاِيَّايَفَارْهَبُونِ","2:40:13"
"اتامرون",1,"اَتَاْمُرُونَ","2:44:1"
"عفونا",1,"عَفَوْنَا","2:52:2"
"باتخاذكم",1,"بِاتِّخَاذِكُمُ","2:54:10"
"فتوبوا",1,"فَتُوبُٓوا","2:54:12"
"لتوابالرحيم",1,"التَّوَّابُالرَّحٖيمُ","2:54:26"
"فاخذتكم",1,"فَاَخَذَتْكُمُ","2:55:12"
"وانتمتنظرون",1,"وَاَنْتُمْتَنْظُرُونَ","2:55:14"
"بعثناكم",1,"بَعَثْنَاكُمْ","2:56:2"
"موتكم",1,"مَوْتِكُمْ","2:56:5"
"وسنزيد",1,"وَسَنَزٖيدُ","2:58:19"
"استسقى",1,"اسْتَسْقٰى","2:60:2"
"فانفجرت",1,"فَانْفَجَرَتْ","2:60:9"
"نصبر",1,"نَصْبِرَ","2:61:6"
"بقلها",1,"بَقْلِهَا","2:61:19"
"وقثائها",1,"وَقِثَّٓائِهَا","2:61:20"
"وفومها",1,"وَفُومِهَا","2:61:21"
"وعدسها",1,"وَعَدَسِهَا","2:61:22"
"وبصلها",1,"وَبَصَلِهَاؕ","2:61:23"
"اتستبدلون",1,"اَتَسْتَبْدِلُونَ","2:61:25"
"سالتم",1,"سَاَلْتُمْؕ","2:61:37"
"والمسكنة",1,"وَالْمَسْكَنَةُ","2:61:41"
"وكانوايعتدون",1,"وَكَانُوايَعْتَدُونَࣖ","2:61:59"
"لكنتم",1,"لَكُنْتُمْ","2:64:11"
"اعتدوا",1,"اعْتَدَوْا","2:65:4"
"خلفها",1,"خَلْفَهَا","2:66:7"
"تذبحوا",1,"تَذْبَحُوا","2:67:9"
"اتتخذنا",1,"اَتَتَّخِذُنَا","2:67:12"
"بكر",1,"بِكْرٌؕ","2:68:17"
"عوان",1,"عَوَانٌ","2:68:18"
"فافعلوا",1,"فَافْعَلُوا","2:68:21"
"صفراء",1,"صَفْرَٓاءُۙ","2:69:14"
"فاقع",1,"فَاقِعٌ","2:69:15"
"تسر",1,"تَسُرُّ","2:69:17"
"لناظرين",1,"النَّاظِرٖينَ","2:69:18"
"تثير",1,"تُثٖيرُ","2:71:8"
"شية",1,"شِيَةَ","2:71:15"
"فذبحوها",1,"فَذَبَحُوهَا","2:71:21"
"فادرءتم",1,"فَادّٰرَءْتُمْ","2:72:4"
"اضربوه",1,"اضْرِبُوهُ","2:73:2"
"ببعضها",1,"بِبَعْضِهَاؕ","2:73:3"
"كالحجارة",1,"كَالْحِجَارَةِ","2:74:8"
"قسوة",1,"قَسْوَةًؕ","2:74:11"
"لحجارة",1,"الْحِجَارَةِ","2:74:14"
"يتفجر",1,"يَتَفَجَّرُ","2:74:16"
"فيخرج",1,"فَيَخْرُجُ","2:74:23"
"يهبط",1,"يَهْبِطُ","2:74:29"
"افتطمعون",1,"اَفَتَطْمَعُونَ","2:75:1"
"يحرفونه",1,"يُحَرِّفُونَهُ","2:75:13"
"عقلوه",1,"عَقَلُوهُ","2:75:17"
"اتحدثونهم",1,"اَتُحَدِّثُونَهُمْ","2:76:13"
"ليحاجوكم",1,"لِيُحَٓاجُّوكُمْ","2:76:18"
"اميون",1,"اُمِّيُّونَ","2:78:2"
"ليشتروا",1,"لِيَشْتَرُوا","2:79:12"
"عهده",1,"عَهْدَهُٓ","2:80:16"
"واحاطت",1,"وَاَحَاطَتْ","2:81:5"
"خطيته",1,"خَطٖٓيـَٔتُهُ","2:81:7"
"وذى",1,"وَذِي","2:83:12"
"تسفكون",1,"تَسْفِكُونَ","2:84:5"
"دماءكم",1,"دِمَٓاءَكُمْ","2:84:6"
"اقررتم",1,"اَقْرَرْتُمْ","2:84:13"
"وتخرجون",1,"وَتُخْرِجُونَ","2:85:6"
"ياتوكم",1,"يَاْتُوكُمْ","2:85:16"
"تفادوهم",1,"تُفَادُوهُمْ","2:85:18"
"محرم",1,"مُحَرَّمٌ","2:85:20"
"اخراجهم",1,"اِخْرَاجُهُمْؕ","2:85:22"
"افتؤمنون",1,"اَفَتُؤْمِنُونَ","2:85:23"
"وتكفرون",1,"وَتَكْفُرُونَ","2:85:26"
"بالرسل",1,"بِالرُّسُلِ","2:87:8"
"افكلما",1,"اَفَكُلَّمَا","2:87:17"
"استكبرتم",1,"اسْتَكْبَرْتُمْۚ","2:87:24"
"ففريقا",1,"فَفَرٖيقًا","2:87:25"
"فقليلا",1,"فَقَلٖيلًا","2:88:8"
"يستفتحون",1,"يَسْتَفْتِحُونَ","2:89:13"
"فلعنة",1,"فَلَعْنَةُ","2:89:23"
"فباؤ࣒",1,"فَبَٓاؤُ࣒","2:90:21"
"ويكفرون",1,"وَيَكْفُرُونَ","2:91:13"
"وراءه",1,"وَرَٓاءَهُ","2:91:15"
"يتمنوه",1,"يَتَمَنَّوْهُ","2:95:2"
"ولتجدنهم",1,"وَلَتَجِدَنَّهُمْ","2:96:1"
"احرص",1,"اَحْرَصَ","2:96:2"
"بمزحزحه",1,"بِمُزَحْزِحِهٖ","2:96:17"
"لجبريل",1,"لِجِبْرٖيلَ","2:97:5"
"وميكال",1,"وَمٖيكَالَ","2:98:8"
"اوكلما",1,"اَوَكُلَّمَا","2:100:1"
"نبذه",1,"نَبَذَهُ","2:100:4"
"نبذ",1,"نَبَذَ","2:101:10"
"لملكين",1,"الْمَلَكَيْنِ","2:102:20"
"ببابل",1,"بِبَابِلَ","2:102:21"
"هاروت",1,"هَارُوتَ","2:102:22"
"وماروت",1,"وَمَارُوتَؕ","2:102:23"
"يعلمان",1,"يُعَلِّمَانِ","2:102:25"
"تكفر",1,"تَكْفُرْؕ","2:102:34"
"فيتعلمون",1,"فَيَتَعَلَّمُونَ","2:102:35"
"وزوجه",1,"وَزَوْجِهٖؕ","2:102:42"
"بضارين",1,"بِضَٓارّٖينَ","2:102:45"
"ويتعلمون",1,"وَيَتَعَلَّمُونَ","2:102:52"
"علموا",1,"عَلِمُوا","2:102:58"
"شروا",1,"شَرَوْا","2:102:69"
"لمثوبة",1,"لَمَثُوبَةٌ","2:103:5"
"راعنا",1,"رَاعِنَا","2:104:6"
"انظرنا",1,"انْظُرْنَا","2:104:8"
"ننسخ",1,"نَنْسَخْ","2:106:2"
"ننسها",1,"نُنْسِهَا","2:106:6"
"نات",1,"نَاْتِ","2:106:7"
"يتبدل",1,"يَتَبَدَّلِ","2:108:12"
"يردونكم",1,"يَرُدُّونَكُمْ","2:109:7"
"حسدا",1,"حَسَدًا","2:109:12"
"فاعفوا",1,"فَاعْفُوا","2:109:22"
"واصفحوا",1,"وَاصْفَحُوا","2:109:23"
"امانيهم",1,"اَمَانِيُّهُمْؕ","2:111:12"
"خرابها",1,"خَرَابِهَاؕ","2:114:13"
"خائفين",1,"خَٓائِفٖينَؕ","2:114:21"
"فاينما",1,"فَاَيْنَمَا","2:115:4"
"فثم",1,"فَثَمَّ","2:115:6"
"يكلمنا",1,"يُكَلِّمُنَا","2:118:6"
"تشابهت",1,"تَشَابَهَتْ","2:118:18"
"تسل",1,"تُسْـَٔلُ","2:119:7"
"يتلونه",1,"يَتْلُونَهُ","2:121:4"
"تلاوته",1,"تِلَاوَتِهٖؕ","2:121:6"
"تنفعها",1,"تَنْفَعُهَا","2:123:14"
"فاتمهن",1,"فَاَتَمَّهُنَّؕ","2:124:6"
"جاعلك",1,"جَاعِلُكَ","2:124:9"
"عهدى",1,"عَهْدِي","2:124:18"
"مثابة",1,"مَثَابَةً","2:125:4"
"وامنا",1,"وَاَمْنًاؕ","2:125:6"
"مصلى",1,"مُصَلًّىؕ","2:125:11"
"وعهدنا",1,"وَعَهِدْنَٓا","2:125:12"
"طهرا",1,"طَهِّرَا","2:125:17"
"والعاكفين",1,"وَالْعَاكِفٖينَ","2:125:20"
"فامتعه",1,"فَاُمَتِّعُهُ","2:126:22"
"اضطره",1,"اَضْطَرُّهُٓ","2:126:25"
"ذريتنا",1,"ذُرِّيَّتِنَٓا","2:128:6"
"وارنا",1,"وَاَرِنَا","2:128:10"
"مناسكنا",1,"مَنَاسِكَنَا","2:128:11"
"يرغب",1,"يَرْغَبُ","2:130:2"
"سفه",1,"سَفِهَ","2:130:8"
"اصطفيناه",1,"اصْطَفَيْنَاهُ","2:130:11"
"ووصى",1,"وَوَصّٰى","2:132:1"
"بنيه",1,"بَنٖيهِ","2:132:4"
"وانتممسلمون",1,"وَاَنْتُمْمُسْلِمُونَؕ","2:132:16"
"لبنيه",1,"لِبَنٖيهِ","2:133:10"
"ابائك",1,"اٰبَٓائِكَ","2:133:19"
"فسيكفيكهم",1,"فَسَيَكْفٖيكَهُمُ","2:137:15"
"اتحاجوننا",1,"اَتُحَٓاجُّونَنَا","2:139:2"
"ولنا",1,"وَلَنَٓا","2:139:8"
"مخلصون",1,"مُخْلِصُونَۙ","2:139:14"
"كتم",1,"كَتَمَ","2:140:21"
"وسطا",1,"وَسَطًا","2:143:4"
"لقبلة",1,"الْقِبْلَةَ","2:143:15"
"ليضيع",1,"لِيُضٖيعَ","2:143:39"
"فلنولينك",1,"فَلَنُوَلِّيَنَّكَ","2:144:7"
"ترضيها",1,"تَرْضٰيهَاࣕ","2:144:9"
"ليعلمون",1,"لَيَعْلَمُونَ","2:144:25"
"تبعوا",1,"تَبِعُوا","2:145:9"
"قبلتك",1,"قِبْلَتَكَۚ","2:145:10"
"ليكتمون",1,"لَيَكْتُمُونَ","2:146:11"
"وجهة",1,"وِجْهَةٌ","2:148:2"
"موليها",1,"مُوَلّٖيهَا","2:148:4"
"واخشونى",1,"وَاخْشَوْنٖي","2:150:26"
"ولاتم",1,"وَلِاُتِمَّ","2:150:27"
"ويزكيكم",1,"وَيُزَكّٖيكُمْ","2:151:9"
"فاذكرونى",1,"فَاذْكُرُونٖٓي","2:152:1"
"اذكركم",1,"اَذْكُرْكُمْ","2:152:2"
"والجوع",1,"وَالْجُوعِ","2:155:5"
"والانفس",1,"وَالْاَنْفُسِ","2:155:9"
"والثمرات",1,"وَالثَّمَرَاتِؕ","2:155:10"
"صلوات",1,"صَلَوَاتٌ","2:157:3"
"لصفا",1,"الصَّفَا","2:158:2"
"والمروة",1,"وَالْمَرْوَةَ","2:158:3"
"اعتمر",1,"اعْتَمَرَ","2:158:11"
"شاكر",1,"شَاكِرٌ","2:158:23"
"يلعنهم",1,"يَلْعَنُهُمُ","2:159:17"
"ويلعنهم",1,"وَيَلْعَنُهُمُ","2:159:19"
"للاعنون",1,"اللَّاعِنُونَۙ","2:159:20"
"وبينوا",1,"وَبَيَّنُوا","2:160:5"
"اتوب",1,"اَتُوبُ","2:160:7"
"والسحاب",1,"وَالسَّحَابِ","2:164:36"
"لمسخر",1,"الْمُسَخَّرِ","2:164:37"
"يحبونهم",1,"يُحِبُّونَهُمْ","2:165:9"
"كحب",1,"كَحُبِّ","2:165:10"
"وتقطعت",1,"وَتَقَطَّعَتْ","2:166:10"
"فنتبرا",1,"فَنَتَبَرَّاَ","2:167:8"
"تبرؤ࣒ا",1,"تَبَرَّؤُ࣒ا","2:167:11"
"يريهم",1,"يُرٖيهِمُ","2:167:14"
"لفينا",1,"اَلْفَيْنَا","2:170:12"
"ينعق",1,"يَنْعِقُ","2:171:6"
"ونداء",1,"وَنِدَٓاءًؕ","2:171:12"
"ويشترون",1,"وَيَشْتَرُونَ","2:174:9"
"بالمغفرة",1,"بِالْمَغْفِرَةِۚ","2:175:7"
"اصبرهم",1,"اَصْبَرَهُمْ","2:175:9"
"والسائلين",1,"وَالسَّٓائِلٖينَ","2:177:29"
"والموفون",1,"وَالْمُوفُونَ","2:177:36"
"بعهدهم",1,"بِعَهْدِهِمْ","2:177:37"
"لقتلى",1,"الْقَتْلٰىؕ","2:178:8"
"بالحر",1,"بِالْحُرِّ","2:178:10"
"والعبد",1,"وَالْعَبْدُ","2:178:11"
"عفى",1,"عُفِيَ","2:178:16"
"واداء",1,"وَاَدَٓاءٌ","2:178:23"
"تخفيف",1,"تَخْفٖيفٌ","2:178:27"
"للوالدين",1,"لِلْوَالِدَيْنِ","2:180:11"
"اثمه",1,"اِثْمُهُ","2:181:7"
"يبدلونه",1,"يُبَدِّلُونَهُؕ","2:181:10"
"موص",1,"مُوصٍ","2:182:4"
"جنفا",1,"جَنَفًا","2:182:5"
"فاصلح",1,"فَاَصْلَحَ","2:182:8"
"يطيقونه",1,"يُطٖيقُونَهُ","2:184:16"
"تصوموا",1,"تَصُومُوا","2:184:27"
"رمضان",1,"رَمَضَانَ","2:185:2"
"وبينات",1,"وَبَيِّنَاتٍ","2:185:9"
"فليصمه",1,"فَلْيَصُمْهُؕ","2:185:17"
"ليسر",1,"الْيُسْرَ","2:185:31"
"ولتكملوا",1,"وَلِتُكْمِلُوا","2:185:36"
"ولتكبروا",1,"وَلِتُكَبِّرُوا","2:185:38"
"سالك",1,"سَاَلَكَ","2:186:2"
"اجيب",1,"اُجٖيبُ","2:186:7"
"وليؤمنوا",1,"وَلْيُؤْمِنُوا","2:186:14"
"يرشدون",1,"يَرْشُدُونَ","2:186:17"
"لرفث",1,"الرَّفَثُ","2:187:5"
"تختانون",1,"تَخْتَانُونَ","2:187:18"
"وعفا",1,"وَعَفَا","2:187:22"
"فالن",1,"فَالْــٰٔنَ","2:187:24"
"باشروهن",1,"بَاشِرُوهُنَّ","2:187:25"
"لابيض",1,"الْاَبْيَضُ","2:187:37"
"لاسود",1,"الْاَسْوَدِ","2:187:40"
"اتموا",1,"اَتِمُّوا","2:187:44"
"تباشروهن",1,"تُبَاشِرُوهُنَّ","2:187:49"
"تقربوها",1,"تَقْرَبُوهَاؕ","2:187:58"
"وتدلوا",1,"وَتُدْلُوا","2:188:6"
"لاهلة",1,"الْاَهِلَّةِؕ","2:189:3"
"مواقيت",1,"مَوَاقٖيتُ","2:189:6"
"والحج",1,"وَالْحَجِّؕ","2:189:8"
"تاتوا",1,"تَاْتُوا","2:189:12"
"واخرجوهم",1,"وَاَخْرِجُوهُمْ","2:191:4"
"اخرجوكم",1,"اَخْرَجُوكُمْ","2:191:7"
"فاقتلوهم",1,"فَاقْتُلُوهُمْؕ","2:191:22"
"بالشهر",1,"بِالشَّهْرِ","2:194:3"
"والحرمات",1,"وَالْحُرُمَاتُ","2:194:5"
"فاعتدوا",1,"فَاعْتَدُوا","2:194:10"
"تلقوا",1,"تُلْقُوا","2:195:6"
"لتهلكة",1,"التَّهْلُكَةِۚۛ","2:195:9"
"واتموا",1,"وَاَتِمُّوا","2:196:1"
"والعمرة",1,"وَالْعُمْرَةَ","2:196:3"
"احصرتم",1,"اُحْصِرْتُمْ","2:196:6"
"تحلقوا",1,"تَحْلِقُوا","2:196:12"
"ففدية",1,"فَفِدْيَةٌ","2:196:27"
"صيام",1,"صِيَامٍ","2:196:29"
"نسك",1,"نُسُكٍۚ","2:196:33"
"بالعمرة",1,"بِالْعُمْرَةِ","2:196:38"
"وسبعة",1,"وَسَبْعَةٍ","2:196:53"
"حاضرى",1,"حَاضِرِي","2:196:64"
"رفث",1,"رَفَثَ","2:197:9"
"جدال",1,"جِدَالَ","2:197:13"
"وتزودوا",1,"وَتَزَوَّدُوا","2:197:22"
"لزاد",1,"الزَّادِ","2:197:25"
"واتقون",1,"وَاتَّقُونِ","2:197:27"
"عرفات",1,"عَرَفَاتٍ","2:198:12"
"لمشعر",1,"الْمَشْعَرِ","2:198:16"
"واذكروه",1,"وَاذْكُرُوهُ","2:198:18"
"افاض",1,"اَفَاضَ","2:199:5"
"مناسككم",1,"مَنَاسِكَكُمْ","2:200:3"
"كذكركم",1,"كَذِكْرِكُمْ","2:200:6"
"يعجبك",1,"يُعْجِبُكَ","2:204:4"
"ويشهد",1,"وَيُشْهِدُ","2:204:9"
"ليفسد",1,"لِيُفْسِدَ","2:205:6"
"ويهلك",1,"وَيُهْلِكَ","2:205:8"
"والنسل",1,"وَالنَّسْلَؕ","2:205:10"
"فحسبه",1,"فَحَسْبُهُ","2:206:9"
"يشرى",1,"يَشْرٖي","2:207:4"
"زللتم",1,"زَلَلْتُمْ","2:209:2"
"او࣒توه",1,"اُو࣒تُوهُ","2:213:25"
"فللوالدين",1,"فَلِلْوَالِدَيْنِ","2:215:9"
"تحبوا",1,"تُحِبُّوا","2:216:16"
"يرتدد",1,"يَرْتَدِدْ","2:217:39"
"فيمت",1,"فَيَمُتْ","2:217:43"
"واثمهما",1,"وَاِثْمُهُمَٓا","2:219:11"
"نفعهما",1,"نَفْعِهِمَاؕ","2:219:14"
"تخالطوهم",1,"تُخَالِطُوهُمْ","2:220:12"
"لمفسد",1,"الْمُفْسِدَ","2:220:16"
"لمصلح",1,"الْمُصْلِـحِؕ","2:220:18"
"لاعنتكم",1,"لَاَعْنَتَكُمْؕ","2:220:22"
"لمشركات",1,"الْمُشْرِكَاتِ","2:221:3"
"ولامة",1,"وَلَاَمَةٌ","2:221:6"
"ولعبد",1,"وَلَعَبْدٌ","2:221:18"
"اعجبكم",1,"اَعْجَبَكُمْؕ","2:221:24"
"والمغفرة",1,"وَالْمَغْفِرَةِ","2:221:33"
"فاعتزلوا",1,"فَاعْتَزِلُوا","2:222:7"
"تقربوهن",1,"تَقْرَبُوهُنَّ","2:222:12"
"يطهرن",1,"يَطْهُرْنَۚ","2:222:14"
"تطهرن",1,"تَطَهَّرْنَ","2:222:16"
"لتوابين",1,"التَّوَّابٖينَ","2:222:25"
"ويحب",1,"وَيُحِبُّ","2:222:26"
"لمتطهرين",1,"الْمُتَطَهِّرٖينَ","2:222:27"
"نساؤكم",1,"نِسَٓاؤُ࣑كُمْ","2:223:1"
"وقدموا",1,"وَقَدِّمُوا","2:223:8"
"ملاقوه",1,"مُلَاقُوهُؕ","2:223:14"
"عرضة",1,"عُرْضَةً","2:224:4"
"لايمانكم",1,"لِاَيْمَانِكُمْ","2:224:5"
"تبروا",1,"تَبَرُّوا","2:224:7"
"وتصلحوا",1,"وَتُصْلِحُوا","2:224:9"
"يؤلون",1,"يُؤْلُونَ","2:226:2"
"تربص",1,"تَرَبُّصُ","2:226:5"
"فاؤ࣒",1,"فَٓاؤُ࣒","2:226:9"
"عزموا",1,"عَزَمُوا","2:227:2"
"والمطلقات",1,"وَالْمُطَلَّقَاتُ","2:228:1"
"قروء",1,"قُرُٓوءٍؕ","2:228:5"
"يكتمن",1,"يَكْتُمْنَ","2:228:10"
"ارحامهن",1,"اَرْحَامِهِنَّ","2:228:15"
"وبعولتهن",1,"وَبُعُولَتُهُنَّ","2:228:22"
"بردهن",1,"بِرَدِّهِنَّ","2:228:24"
"وللرجال",1,"وَلِلرِّجَالِ","2:228:35"
"مرتان",1,"مَرَّتَانِࣕ","2:229:2"
"فامساك",1,"فَاِمْسَاكٌ","2:229:3"
"تسريح",1,"تَسْرٖيحٌ","2:229:6"
"افتدت",1,"افْتَدَتْ","2:229:33"
"تعتدوها",1,"تَعْتَدُوهَاۚ","2:229:39"
"تنكح",1,"تَنْكِحَ","2:230:9"
"يتراجعا",1,"يَتَرَاجَعَٓا","2:230:18"
"يبينها",1,"يُبَيِّنُهَا","2:230:28"
"سرحوهن",1,"سَرِّحُوهُنَّ","2:231:9"
"تمسكوهن",1,"تُمْسِكُوهُنَّ","2:231:12"
"لتعتدوا",1,"لِتَعْتَدُواۚ","2:231:14"
"ينكحن",1,"يَنْكِحْنَ","2:232:9"
"ازواجهن",1,"اَزْوَاجَهُنَّ","2:232:10"
"تراضوا",1,"تَرَاضَوْا","2:232:12"
"والوالدات",1,"وَالْوَالِدَاتُ","2:233:1"
"يرضعن",1,"يُرْضِعْنَ","2:233:2"
"حولين",1,"حَوْلَيْنِ","2:233:4"
"كاملين",1,"كَامِلَيْنِ","2:233:5"
"لمولود",1,"الْمَوْلُودِ","2:233:12"
"رزقهن",1,"رِزْقُهُنَّ","2:233:14"
"وكسوتهن",1,"وَكِسْوَتُهُنَّ","2:233:15"
"تضار",1,"تُضَٓارَّ","2:233:23"
"والدة",1,"وَالِدَةٌ","2:233:24"
"بولدها",1,"بِوَلَدِهَا","2:233:25"
"بولده",1,"بِوَلَدِهٖ","2:233:29"
"لوارث",1,"الْوَارِثِ","2:233:31"
"وتشاور",1,"وَتَشَاوُرٍ","2:233:40"
"تسترضعوا",1,"تَسْتَرْضِعُٓوا","2:233:47"
"سلمتم",1,"سَلَّمْتُمْ","2:233:53"
"وعشرا",1,"وَعَشْرًاۚ","2:234:10"
"عرضتم",1,"عَرَّضْتُمْ","2:235:5"
"خطبة",1,"خِطْبَةِ","2:235:8"
"اكننتم",1,"اَكْنَنْتُمْ","2:235:11"
"ستذكرونهن",1,"سَتَذْكُرُونَهُنَّ","2:235:17"
"تواعدوهن",1,"تُوَاعِدُوهُنَّ","2:235:20"
"تعزموا",1,"تَعْزِمُوا","2:235:28"
"فاحذروه",1,"فَاحْذَرُوهُۚ","2:235:42"
"تفرضوا",1,"تَفْرِضُوا","2:236:11"
"ومتعوهن",1,"وَمَتِّعُوهُنَّۚ","2:236:14"
"لموسع",1,"الْمُوسِعِ","2:236:16"
"لمقتر",1,"الْمُقْتِرِ","2:236:19"
"فنصف",1,"فَنِصْفُ","2:237:11"
"يعفون",1,"يَعْفُونَ","2:237:16"
"يعفوا",1,"يَعْفُوَا","2:237:18"
"تنسوا",1,"تَنْسَوُا","2:237:28"
"حافظوا",1,"حَافِظُوا","2:238:1"
"لصلوات",1,"الصَّلَوَاتِ","2:238:3"
"لوسطى",1,"الْوُسْطٰى","2:238:5"
"وقوموا",1,"وَقُومُوا","2:238:6"
"قانتين",1,"قَانِتٖينَ","2:238:8"
"فرجالا",1,"فَرِجَالًا","2:239:3"
"ركبانا",1,"رُكْبَانًاۚ","2:239:5"
"لازواجهم",1,"لِاَزْوَاجِهِمْ","2:240:7"
"لحول",1,"الْحَوْلِ","2:240:10"
"اخراج",1,"اِخْرَاجٍۚ","2:240:12"
"خرجن",1,"خَرَجْنَ","2:240:14"
"وللمطلقات",1,"وَلِلْمُطَلَّقَاتِ","2:241:1"
"لوف",1,"اُلُوفٌ","2:243:9"
"احياهم",1,"اَحْيَاهُمْؕ","2:243:17"
"يقبض",1,"يَقْبِضُ","2:245:13"
"ويبصط",1,"وَيَبْصُۣطُࣕ","2:245:14"
"ديارنا",1,"دِيَارِنَا","2:246:42"
"وابنائنا",1,"وَاَبْنَٓائِنَاؕ","2:246:43"
"بالملك",1,"بِالْمُلْكِ","2:247:19"
"اصطفيه",1,"اصْطَفٰيهُ","2:247:29"
"وزاده",1,"وَزَادَهُ","2:247:31"
"بسطة",1,"بَسْطَةً","2:247:32"
"والجسم",1,"وَالْجِسْمِؕ","2:247:35"
"سكينة",1,"سَكٖينَةٌ","2:248:11"
"وبقية",1,"وَبَقِيَّةٌ","2:248:14"
"بالجنود",1,"بِالْجُنُودِۙ","2:249:4"
"مبتليكم",1,"مُبْتَلٖيكُمْ","2:249:8"
"بنهر",1,"بِنَهَرٍۚ","2:249:9"
"اغترف",1,"اغْتَرَفَ","2:249:22"
"غرفة",1,"غُرْفَةً","2:249:23"
"فشربوا",1,"فَشَرِبُوا","2:249:25"
"جاوزه",1,"جَاوَزَهُ","2:249:31"
"بجالوت",1,"بِجَالُوتَ","2:249:41"
"قليلة",1,"قَلٖيلَةٍ","2:249:52"
"لجالوت",1,"لِجَالُوتَ","2:250:3"
"فهزموهم",1,"فَهَزَمُوهُمْ","2:251:1"
"جالوت",1,"جَالُوتَ","2:251:6"
"واتيه",1,"وَاٰتٰيهُ","2:251:7"
"وعلمه",1,"وَعَلَّمَهُ","2:251:11"
"اقتتل",1,"اقْتَتَلَ","2:253:26"
"خلة",1,"خُلَّةٌ","2:254:16"
"تاخذه",1,"تَاْخُذُهُ","2:255:9"
"نوم",1,"نَوْمٌؕ","2:255:12"
"يؤ࣒ده",1,"يَؤُ࣒دُهُ","2:255:46"
"حفظهما",1,"حِفْظُهُمَاۚ","2:255:47"
"اكراه",1,"اِكْرَاهَ","2:256:2"
"بالطاغوت",1,"بِالطَّاغُوتِ","2:256:12"
"انفصام",1,"انْفِصَامَ","2:256:20"
"يخرجهم",1,"يُخْرِجُهُمْ","2:257:5"
"يخرجونهم",1,"يُخْرِجُونَهُمْ","2:257:14"
"حاج",1,"حَٓاجَّ","2:258:5"
"احى",1,"اُحْيٖ","2:258:22"
"واميت",1,"وَاُمٖيتُؕ","2:258:23"
"بالشمس",1,"بِالشَّمْسِ","2:258:29"
"لمغرب",1,"الْمَغْرِبِ","2:258:35"
"فبهت",1,"فَبُهِتَ","2:258:36"
"فاماته",1,"فَاَمَاتَهُ","2:259:17"
"بعثه",1,"بَعَثَهُؕ","2:259:22"
"طعامك",1,"طَعَامِكَ","2:259:39"
"وشرابك",1,"وَشَرَابِكَ","2:259:40"
"يتسنه",1,"يَتَسَنَّهْۚ","2:259:42"
"حمارك",1,"حِمَارِكَ","2:259:45"
"ولنجعلك",1,"وَلِنَجْعَلَكَ","2:259:46"
"ننشزها",1,"نُنْشِزُهَا","2:259:53"
"نكسوها",1,"نَكْسُوهَا","2:259:55"
"تحى",1,"تُحْيِ","2:260:7"
"ليطمئن",1,"لِيَطْمَئِنَّ","2:260:15"
"قلبى",1,"قَلْبٖيؕ","2:260:16"
"فصرهن",1,"فَصُرْهُنَّ","2:260:22"
"ادعهن",1,"ادْعُهُنَّ","2:260:32"
"ياتينك",1,"يَاْتٖينَكَ","2:260:33"
"سعيا",1,"سَعْيًاؕ","2:260:34"
"انبتت",1,"اَنْبَتَتْ","2:261:10"
"سنابل",1,"سَنَابِلَ","2:261:12"
"سنبلة",1,"سُنْبُلَةٍ","2:261:15"
"يتبعها",1,"يَتْبَعُهَٓا","2:263:7"
"صدقاتكم",1,"صَدَقَاتِكُمْ","2:264:6"
"بالمن",1,"بِالْمَنِّ","2:264:7"
"والاذى",1,"وَالْاَذٰىۙ","2:264:8"
"صفوان",1,"صَفْوَانٍ","2:264:21"
"فاصابه",1,"فَاَصَابَهُ","2:264:24"
"فتركه",1,"فَتَرَكَهُ","2:264:26"
"صلدا",1,"صَلْدًاؕ","2:264:27"
"وتثبيتا",1,"وَتَثْبٖيتًا","2:265:8"
"بربوة",1,"بِرَبْوَةٍ","2:265:13"
"اصابها",1,"اَصَابَهَا","2:265:14"
"يصبها",1,"يُصِبْهَا","2:265:21"
"ايود",1,"اَيَوَدُّ","2:266:1"
"واصابه",1,"وَاَصَابَهُ","2:266:19"
"ضعفاء",1,"ضُعَفَٓاءُࣕ","2:266:23"
"فاصابها",1,"فَاَصَابَهَٓا","2:266:24"
"فاحترقت",1,"فَاحْتَرَقَتْؕ","2:266:28"
"تيمموا",1,"تَيَمَّمُوا","2:267:15"
"ولستم",1,"وَلَسْتُمْ","2:267:19"
"باخذيه",1,"بِاٰخِذٖيهِ","2:267:20"
"تغمضوا",1,"تُغْمِضُوا","2:267:23"
"لفقر",1,"الْفَقْرَ","2:268:3"
"ويامركم",1,"وَيَاْمُرُكُمْ","2:268:4"
"وفضلا",1,"وَفَضْلًاؕ","2:268:10"
"نذرتم",1,"نَذَرْتُمْ","2:270:6"
"تخفوها",1,"تُخْفُوهَا","2:271:7"
"وتؤتوها",1,"وَتُؤْتُوهَا","2:271:8"
"فلانفسكم",1,"فَلِاَنْفُسِكُمْؕ","2:272:13"
"احصروا",1,"اُحْصِرُوا","2:273:3"
"يحسبهم",1,"يَحْسَبُهُمُ","2:273:12"
"لجاهل",1,"الْجَاهِلُ","2:273:13"
"لتعفف",1,"التَّعَفُّفِۚ","2:273:16"
"تعرفهم",1,"تَعْرِفُهُمْ","2:273:17"
"لحافا",1,"اِلْحَافًاؕ","2:273:22"
"يقومون",1,"يَقُومُونَ","2:275:5"
"يتخبطه",1,"يَتَخَبَّطُهُ","2:275:10"
"لمس",1,"الْمَسِّؕ","2:275:13"
"فانتهى",1,"فَانْتَهٰى","2:275:31"
"وامره",1,"وَاَمْرُهُٓ","2:275:35"
"يمحق",1,"يَمْحَقُ","2:276:1"
"ويربى",1,"وَيُرْبِي","2:276:4"
"بقى",1,"بَقِيَ","2:278:8"
"فاذنوا",1,"فَاْذَنُوا","2:279:4"
"بحرب",1,"بِحَرْبٍ","2:279:5"
"ذوعسرة",1,"ذُوعُسْرَةٍ","2:280:3"
"عسرة",1,"عُسۡرَةٖ","2:280:4"
"ميسرة",1,"مَيْسَرَةٍؕ","2:280:7"
"تصدقوا",1,"تَصَدَّقُوا","2:280:9"
"تداينتم",1,"تَدَايَنْتُمْ","2:282:5"
"بدين",1,"بِدَيْنٍ","2:282:6"
"فاكتبوه",1,"فَاكْتُبُوهُؕ","2:282:10"
"وليكتب",1,"وَلْيَكْتُبْ","2:282:11"
"فليكتب",1,"فَلْيَكْتُبْۚ","2:282:23"
"وليملل",1,"وَلْيُمْلِلِ","2:282:24"
"يبخس",1,"يَبْخَسْ","2:282:32"
"سفيها",1,"سَفٖيهًا","2:282:40"
"يمل",1,"يُمِلَّ","2:282:47"
"فليملل",1,"فَلْيُمْلِلْ","2:282:49"
"واستشهدوا",1,"وَاسْتَشْهِدُوا","2:282:52"
"شهيدين",1,"شَهٖيدَيْنِ","2:282:53"
"فرجل",1,"فَرَجُلٌ","2:282:60"
"وامراتان",1,"وَامْرَاَتَانِ","2:282:61"
"ترضون",1,"تَرْضَوْنَ","2:282:63"
"فتذكر",1,"فَتُذَكِّرَ","2:282:69"
"تسموا",1,"تَسْـَٔمُٓوا","2:282:79"
"تكتبوه",1,"تَكْتُبُوهُ","2:282:81"
"للشهادة",1,"لِلشَّهَادَةِ","2:282:92"
"وادنى",1,"وَاَدْنٰٓى","2:282:93"
"ترتابوا",1,"تَرْتَابُٓوا","2:282:95"
"تديرونها",1,"تُدٖيرُونَهَا","2:282:101"
"تكتبوها",1,"تَكْتُبُوهَاؕ","2:282:107"
"تبايعتم",1,"تَبَايَعْتُمْࣕ","2:282:110"
"يضار",1,"يُضَٓارَّ","2:282:112"
"كاتبا",1,"كَاتِبًا","2:283:7"
"فرهان",1,"فَرِهَانٌ","2:283:8"
"مقبوضة",1,"مَقْبُوضَةٌؕ","2:283:9"
"فليؤد",1,"فَلْيُؤَدِّ","2:283:14"
"اؤتمن",1,"اؤْتُمِنَ","2:283:16"
"امانته",1,"اَمَانَتَهُ","2:283:17"
"تكتموا",1,"تَكْتُمُوا","2:283:22"
"يكتمها",1,"يَكْتُمْهَا","2:283:25"
"يحاسبكم",1,"يُحَاسِبْكُمْ","2:284:15"
"فيغفر",1,"فَيَغْفِرُ","2:284:18"
"غفرانك",1,"غُفْرَانَكَ","2:285:24"
"اكتسبت",1,"اكْتَسَبَتْؕ","2:286:12"
"تؤاخذنا",1,"تُؤَاخِذْنَٓا","2:286:15"
"نسينا",1,"نَسٖينَٓا","2:286:17"
"اخطانا",1,"اَخْطَاْنَاۚ","2:286:19"
"اصرا",1,"اِصْرًا","2:286:24"
"تحملنا",1,"تُحَمِّلْنَا","2:286:33"
"واعف",1,"وَاعْفُ","2:286:39"
"فانصرنا",1,"فَانْصُرْنَا","2:286:46"
"تقية",1,"تُقٰيةًؕ","3:28:21"
"اصطفيك",1,"اصْطَفٰيكِ","3:42:8"
"واصطفيك",1,"وَاصْطَفٰيكِ","3:42:10"
"نساءالعالمين",1,"نِسَٓاءِالْعَالَمٖينَ","3:42:12"
"معالراكعين",1,"مَعَالرَّاكِعٖينَ","3:43:7"
"ومنالمقربين",1,"وَمِنَالْمُقَرَّبٖينَۙ","3:45:20"
"احس",1,"اَحَسَّ","3:52:2"
"واتبعنا",1,"وَاتَّبَعْنَا","3:53:5"
"متوفيك",1,"مُتَوَفّٖيكَ","3:55:7"
"ورافعك",1,"وَرَافِعُكَ","3:55:8"
"ومطهرك",1,"وَمُطَهِّرُكَ","3:55:10"
"وجاعل",1,"وَجَاعِلُ","3:55:14"
"اتبعوك",1,"اتَّبَعُوكَ","3:55:16"
"فيهتختلفون",1,"فٖيهِتَخْتَلِفُونَ","3:55:30"
"فاعذبهم",1,"فَاُعَذِّبُهُمْ","3:56:4"
"حاجك",1,"حَٓاجَّكَ","3:61:2"
"ندع",1,"نَدْعُ","3:61:12"
"ابناءنا",1,"اَبْنَٓاءَنَا","3:61:13"
"وابناءكم",1,"وَاَبْنَٓاءَكُمْ","3:61:14"
"ونساءنا",1,"وَنِسَٓاءَنَا","3:61:15"
"ونساءكم",1,"وَنِسَٓاءَكُمْ","3:61:16"
"وانفسنا",1,"وَاَنْفُسَنَا","3:61:17"
"نبتهل",1,"نَبْتَهِلْ","3:61:20"
"فنجعل",1,"فَنَجْعَلْ","3:61:21"
"حاججتم",1,"حَاجَجْتُمْ","3:66:3"
"يهوديا",1,"يَهُودِيًّا","3:67:4"
"نصرانيا",1,"نَصْرَانِيًّا","3:67:6"
"بابرهيم",1,"بِاِبْرٰهٖيمَ","3:68:4"
"ودت",1,"وَدَّتْ","3:69:1"
"يضلونكم",1,"يُضِلُّونَكُمْؕ","3:69:7"
"تلبسون",1,"تَلْبِسُونَ","3:71:4"
"وتكتمون",1,"وَتَكْتُمُونَ","3:71:7"
"واكفروا",1,"وَاكْفُرُٓوا","3:72:14"
"اخره",1,"اٰخِرَهُ","3:72:15"
"يحاجوكم",1,"يُحَٓاجُّوكُمْ","3:73:19"
"بقنطار",1,"بِقِنْطَارٍ","3:75:7"
"بدينار",1,"بِدٖينَارٍ","3:75:14"
"وايمانهم",1,"وَاَيْمَانِهِمْ","3:77:6"
"لفريقا",1,"لَفَرٖيقًا","3:78:3"
"يلو࣒ن",1,"يَلْوُ࣒نَ","3:78:4"
"لتحسبوه",1,"لِتَحْسَبُوهُ","3:78:7"
"ربانين",1,"رَبَّانِيّٖنَ","3:79:21"
"ايامركم",1,"اَيَاْمُرُكُمْ","3:80:8"
"اتيتكم",1,"اٰتَيْتُكُمْ","3:81:7"
"وحكمة",1,"وَحِكْمَةٍ","3:81:10"
"لتؤمنن",1,"لَتُؤْمِنُنَّ","3:81:17"
"ولتنصرنه",1,"وَلَتَنْصُرُنَّهُؕ","3:81:19"
"ءاقررتم",1,"ءَاَقْرَرْتُمْ","3:81:21"
"واخذتم",1,"وَاَخَذْتُمْ","3:81:22"
"اصرى",1,"اِصْرٖيؕ","3:81:25"
"اقررنا",1,"اَقْرَرْنَاؕ","3:81:27"
"والنبيون",1,"وَالنَّبِيُّونَ","3:84:19"
"يبتغ",1,"يَبْتَغِ","3:85:2"
"توبتهم",1,"تَوْبَتُهُمْۚ","3:90:11"
"ملء",1,"مِلْءُ","3:91:11"
"ذهبا",1,"ذَهَبًا","3:91:13"
"افتدى",1,"افْتَدٰى","3:91:15"
"تنالوا",1,"تَنَالُوا","3:92:2"
"بالتورية",1,"بِالتَّوْرٰيةِ","3:93:20"
"فاتلوها",1,"فَاتْلُوهَٓا","3:93:21"
"وضع",1,"وُضِعَ","3:96:4"
"ببكة",1,"بِبَكَّةَ","3:96:7"
"دخله",1,"دَخَلَهُ","3:97:7"
"استطاع",1,"اسْتَطَاعَ","3:97:16"
"تبغونها",1,"تَبْغُونَهَا","3:99:11"
"يعتصم",1,"يَعْتَصِمْ","3:101:11"
"تقاته",1,"تُقَاتِهٖ","3:102:7"
"فالف",1,"فَاَلَّفَ","3:103:14"
"بنعمته",1,"بِنِعْمَتِهٖٓ","3:103:18"
"حفرة",1,"حُفْرَةٍ","3:103:23"
"فانقذكم",1,"فَاَنْقَذَكُمْ","3:103:26"
"ولتكن",1,"وَلْتَكُنْ","3:104:1"
"واختلفوا",1,"وَاخْتَلَفُوا","3:105:5"
"تبيض",1,"تَبْيَضُّ","3:106:2"
"وتسود",1,"وَتَسْوَدُّ","3:106:4"
"اسودت",1,"اسْوَدَّتْ","3:106:8"
"اكفرتم",1,"اَكَفَرْتُمْ","3:106:10"
"ابيضت",1,"ابْيَضَّتْ","3:107:3"
"اخرجت",1,"اُخْرِجَتْ","3:110:4"
"وتنهون",1,"وَتَنْهَوْنَ","3:110:8"
"يضروكم",1,"يَضُرُّوكُمْ","3:111:2"
"يولوكم",1,"يُوَلُّوكُمُ","3:111:7"
"ضربت",1,"ضُرِبَتْ","3:112:1"
"وحبل",1,"وَحَبْلٍ","3:112:11"
"لمسكنة",1,"الْمَسْكَنَةُؕ","3:112:20"
"ويسارعون",1,"وَيُسَارِعُونَ","3:114:10"
"يكفروه",1,"يُكْفَرُوهُؕ","3:115:6"
"صر",1,"صِرٌّ","3:117:11"
"اصابت",1,"اَصَابَتْ","3:117:12"
"فاهلكته",1,"فَاَهْلَكَتْهُؕ","3:117:17"
"بطانة",1,"بِطَانَةً","3:118:6"
"دونكم",1,"دُونِكُمْ","3:118:8"
"يالونكم",1,"يَاْلُونَكُمْ","3:118:10"
"لبغضاء",1,"الْبَغْضَٓاءُ","3:118:17"
"تحبونهم",1,"تُحِبُّونَهُمْ","3:119:3"
"يحبونكم",1,"يُحِبُّونَكُمْ","3:119:5"
"لقوكم",1,"لَقُوكُمْ","3:119:10"
"عضوا",1,"عَضُّوا","3:119:15"
"بغيظكم",1,"بِغَيْظِكُمْؕ","3:119:22"
"تمسسكم",1,"تَمْسَسْكُمْ","3:120:2"
"تصبكم",1,"تُصِبْكُمْ","3:120:6"
"يفرحوا",1,"يَفْرَحُوا","3:120:8"
"غدوت",1,"غَدَوْتَ","3:121:2"
"تبوئ",1,"تُبَوِّئُ","3:121:5"
"للقتال",1,"لِلْقِتَالِؕ","3:121:8"
"تفشلا",1,"تَفْشَلَاۙ","3:122:6"
"وليهما",1,"وَلِيُّهُمَاؕ","3:122:8"
"ببدر",1,"بِبَدْرٍ","3:123:4"
"يكفيكم",1,"يَكْفِيَكُمْ","3:124:5"
"يمدكم",1,"يُمِدَّكُمْ","3:124:7"
"بثلثة",1,"بِثَلٰثَةِ","3:124:9"
"وياتوكم",1,"وَيَاْتُوكُمْ","3:125:5"
"فورهم",1,"فَوْرِهِمْ","3:125:7"
"يمددكم",1,"يُمْدِدْكُمْ","3:125:9"
"بخمسة",1,"بِخَمْسَةِ","3:125:11"
"مسومين",1,"مُسَوِّمٖينَ","3:125:15"
"يكبتهم",1,"يَكْبِتَهُمْ","3:127:7"
"فينقلبوا",1,"فَيَنْقَلِبُوا","3:127:8"
"خائبين",1,"خَٓائِبٖينَ","3:127:9"
"مضاعفة",1,"مُضَاعَفَةًࣕ","3:130:8"
"وسارعوا",1,"وَسَارِعُٓوا","3:133:1"
"لسراء",1,"السَّرَّٓاءِ","3:134:4"
"والكاظمين",1,"وَالْكَاظِمٖينَ","3:134:6"
"والعافين",1,"وَالْعَافٖينَ","3:134:8"
"لذنوبهم",1,"لِذُنُوبِهِمْࣕ","3:135:11"
"يصروا",1,"يُصِرُّوا","3:135:18"
"بيان",1,"بَيَانٌ","3:138:2"
"يمسسكم",1,"يَمْسَسْكُمْ","3:140:2"
"نداولها",1,"نُدَاوِلُهَا","3:140:11"
"ويمحق",1,"وَيَمْحَقَ","3:141:5"
"تلقوه",1,"تَلْقَوْهُࣕ","3:143:8"
"رايتموه",1,"رَاَيْتُمُوهُ","3:143:10"
"يضر",1,"يَضُرَّ","3:144:22"
"وسيجزى",1,"وَسَيَجْزِي","3:144:25"
"مؤجلا",1,"مُؤَجَّلًاؕ","3:145:10"
"وسنجزى",1,"وَسَنَجْزِي","3:145:23"
"ربيون",1,"رِبِّيُّونَ","3:146:6"
"وهنوا",1,"وَهَنُوا","3:146:9"
"ضعفوا",1,"ضَعُفُوا","3:146:16"
"واسرافنا",1,"وَاِسْرَافَنَا","3:147:11"
"لناصرين",1,"النَّاصِرٖينَ","3:150:6"
"صدقكم",1,"صَدَقَكُمُ","3:152:2"
"تحسونهم",1,"تَحُسُّونَهُمْ","3:152:6"
"فشلتم",1,"فَشِلْتُمْ","3:152:10"
"وتنازعتم",1,"وَتَنَازَعْتُمْ","3:152:11"
"وعصيتم",1,"وَعَصَيْتُمْ","3:152:14"
"صرفكم",1,"صَرَفَكُمْ","3:152:30"
"ليبتليكم",1,"لِيَبْتَلِيَكُمْۚ","3:152:32"
"تصعدون",1,"تُصْعِدُونَ","3:153:2"
"تلو࣒ن",1,"تَلْوُ࣒نَ","3:153:4"
"اخريكم",1,"اُخْرٰيكُمْ","3:153:10"
"فاثابكم",1,"فَاَثَابَكُمْ","3:153:11"
"بغم",1,"بِغَمٍّ","3:153:13"
"نعاسا",1,"نُعَاسًا","3:154:8"
"اهمتهم",1,"اَهَمَّتْهُمْ","3:154:14"
"يبدون",1,"يُبْدُونَ","3:154:39"
"لبرز",1,"لَبَرَزَ","3:154:56"
"مضاجعهم",1,"مَضَاجِعِهِمْۚ","3:154:62"
"وليبتلى",1,"وَلِيَبْتَلِيَ","3:154:63"
"استزلهم",1,"اسْتَزَلَّهُمُ","3:155:9"
"غزى",1,"غُزًّى","3:156:16"
"لنت",1,"لِنْتَ","3:159:5"
"فظا",1,"فَظًّا","3:159:9"
"لقلب",1,"الْقَلْبِ","3:159:11"
"لانفضوا",1,"لَانْفَضُّوا","3:159:12"
"حولك",1,"حَوْلِكَࣕ","3:159:14"
"وشاورهم",1,"وَشَاوِرْهُمْ","3:159:19"
"عزمت",1,"عَزَمْتَ","3:159:23"
"لمتوكلين",1,"الْمُتَوَكِّلٖينَ","3:159:30"
"يخذلكم",1,"يَخْذُلْكُمْ","3:160:8"
"يغل",1,"يَغُلَّؕ","3:161:5"
"يغلل",1,"يَغْلُلْ","3:161:7"
"بسخط",1,"بِسَخَطٍ","3:162:7"
"اصبتم",1,"اَصَبْتُمْ","3:165:5"
"مثليها",1,"مِثْلَيْهَاۙ","3:165:6"
"ادفعوا",1,"ادْفَعُواؕ","3:167:12"
"لاتبعناكم",1,"لَاتَّبَعْنَاكُمْؕ","3:167:17"
"للكفر",1,"لِلْكُفْرِ","3:167:19"
"اطاعونا",1,"اَطَاعُونَا","3:168:6"
"فادرؤ࣒ا",1,"فَادْرَؤُ࣒ا","3:168:10"
"فرحين",1,"فَرِحٖينَ","3:170:1"
"ويستبشرون",1,"وَيَسْتَبْشِرُونَ","3:170:7"
"لقرح",1,"الْقَرْحُؕۛ","3:172:9"
"جمعوا",1,"جَمَعُوا","3:173:8"
"فاخشوهم",1,"فَاخْشَوْهُمْ","3:173:10"
"لوكيل",1,"الْوَكٖيلُ","3:173:17"
"فانقلبوا",1,"فَانْقَلَبُوا","3:174:1"
"يمسسهم",1,"يَمْسَسْهُمْ","3:174:7"
"تخافوهم",1,"تَخَافُوهُمْ","3:175:7"
"وخافون",1,"وَخَافُونِ","3:175:8"
"ليذر",1,"لِيَذَرَ","3:179:4"
"يميز",1,"يَمٖيزَ","3:179:11"
"ليطلعكم",1,"لِيُطْلِعَكُمْ","3:179:18"
"سيطوقون",1,"سَيُطَوَّقُونَ","3:180:17"
"بقربان",1,"بِقُرْبَانٍ","3:183:12"
"تاكله",1,"تَاْكُلُهُ","3:183:13"
"وبالذى",1,"وَبِالَّذٖي","3:183:22"
"قتلتموهم",1,"قَتَلْتُمُوهُمْ","3:183:25"
"توفون",1,"تُوَفَّوْنَ","3:185:6"
"زحزح",1,"زُحْزِحَ","3:185:11"
"لتبلون",1,"لَتُبْلَوُنَّ","3:186:1"
"ولتسمعن",1,"وَلَتَسْمَعُنَّ","3:186:5"
"لتبيننه",1,"لَتُبَيِّنُنَّهُ","3:187:8"
"تكتمونه",1,"تَكْتُمُونَهُؗ","3:187:11"
"فنبذوه",1,"فَنَبَذُوهُ","3:187:12"
"واشتروا",1,"وَاشْتَرَوْا","3:187:15"
"ويحبون",1,"وَيُحِبُّونَ","3:188:7"
"يحمدوا",1,"يُحْمَدُوا","3:188:9"
"تحسبنهم",1,"تَحْسَبَنَّهُمْ","3:188:14"
"بمفازة",1,"بِمَفَازَةٍ","3:188:15"
"ويتفكرون",1,"وَيَتَفَكَّرُونَ","3:191:8"
"فقنا",1,"فَقِنَا","3:191:19"
"تدخل",1,"تُدْخِلِ","3:192:4"
"اخزيته",1,"اَخْزَيْتَهُؕ","3:192:7"
"مناديا",1,"مُنَادِيًا","3:193:4"
"ينادى",1,"يُنَادٖي","3:193:5"
"سياتنا",1,"سَيِّـَٔاتِنَا","3:193:17"
"واتنا",1,"وَاٰتِنَا","3:194:2"
"وعدتنا",1,"وَعَدْتَنَا","3:194:4"
"رسلك",1,"رُسُلِكَ","3:194:6"
"تخزنا",1,"تُخْزِنَا","3:194:8"
"تخلف",1,"تُخْلِفُ","3:194:13"
"اضيع",1,"اُضٖيعُ","3:195:6"
"واخرجوا",1,"وَاُخْرِجُوا","3:195:19"
"ولادخلنهم",1,"وَلَاُدْخِلَنَّهُمْ","3:195:30"
"يغرنك",1,"يَغُرَّنَّكَ","3:196:2"
"للابرار",1,"لِلْاَبْرَارِ","3:198:21"
"اصبروا",1,"اصْبِرُوا","3:200:4"
"ورابطوا",1,"وَرَابِطُوا","3:200:6"
"انستم",1,"اٰنَسْتُمْ","4:6:8"
"ضعافا",1,"ضِعَافًا","4:9:8"
"وورثه",1,"وَوَرِثَهُٓ","4:11:39"
"حدوده",1,"حُدُودَهُ","4:14:6"
"يتوفيهن",1,"يَتَوَفّٰيهُنَّ","4:15:16"
"احديهن",1,"اِحْدٰيهُنَّ","4:20:8"
"اتاخذونه",1,"اَتَاْخُذُونَهُ","4:20:14"
"واتوهن",1,"وَاٰتُوهُنَّ","4:25:26"
"عدوانا",1,"عُدْوَانًا","4:30:4"
"يضاعفها",1,"يُضَاعِفْهَا","4:40:10"
"بالجبت",1,"بِالْجِبْتِ","4:51:10"
"والطاغوت",1,"وَالطَّاغُوتِ","4:51:11"
"يلعن",1,"يَلْعَنِ","4:52:6"
"يحسدون",1,"يَحْسُدُونَ","4:54:2"
"صد",1,"صَدَّ","4:55:7"
"نصليهم",1,"نُصْلٖيهِمْ","4:56:6"
"نضجت",1,"نَضِجَتْ","4:56:9"
"بدلناهم",1,"بَدَّلْنَاهُمْ","4:56:11"
"غيرها",1,"غَيْرَهَا","4:56:13"
"ليذوقوا",1,"لِيَذُوقُوا","4:56:14"
"وندخلهم",1,"وَنُدْخِلُهُمْ","4:57:18"
"تؤدوا",1,"تُؤَدُّوا","4:58:5"
"لامانات",1,"الْاَمَانَاتِ","4:58:6"
"حكمتم",1,"حَكَمْتُمْ","4:58:10"
"تحكموا",1,"تَحْكُمُوا","4:58:14"
"واولى",1,"وَاُو࣑لِي","4:59:8"
"تنازعتم",1,"تَنَازَعْتُمْ","4:59:12"
"فردوه",1,"فَرُدُّوهُ","4:59:15"
"يزعمون",1,"يَزْعُمُونَ","4:60:5"
"يتحاكموا",1,"يَتَحَاكَمُٓوا","4:60:17"
"يضلهم",1,"يُضِلَّهُمْ","4:60:28"
"صدودا",1,"صُدُودًاۚ","4:61:15"
"وتوفيقا",1,"وَتَوْفٖيقًا","4:62:16"
"وعظهم",1,"وَعِظْهُمْ","4:63:10"
"بليغا",1,"بَلٖيغًا","4:63:16"
"ليطاع",1,"لِيُطَاعَ","4:64:6"
"يحكموك",1,"يُحَكِّمُوكَ","4:65:6"
"ويسلموا",1,"وَيُسَلِّمُوا","4:65:18"
"يوعظون",1,"يُوعَظُونَ","4:66:21"
"تثبيتا",1,"تَثْبٖيتًاۙ","4:66:27"
"ولهديناهم",1,"وَلَهَدَيْنَاهُمْ","4:68:1"
"والصديقين",1,"وَالصِّدّٖيقٖينَ","4:69:13"
"رفيقا",1,"رَفٖيقًاؕ","4:69:18"
"فانفروا",1,"فَانْفِرُوا","4:71:6"
"ليبطئن",1,"لَيُبَطِّئَنَّۚ","4:72:4"
"فافوز",1,"فَاَفُوزَ","4:73:17"
"فوزاعظيما",1,"فَوْزًاعَظٖيمًا","4:73:18"
"فليقاتل",1,"فَلْيُقَاتِلْ","4:74:1"
"يشرون",1,"يَشْرُونَ","4:74:6"
"يقاتل",1,"يُقَاتِلْ","4:74:11"
"فيقتل",1,"فَيُقْتَلْ","4:74:15"
"يغلب",1,"يَغْلِبْ","4:74:17"
"كخشية",1,"كَخَشْيَةِ","4:77:22"
"اخرتنا",1,"اَخَّرْتَنَٓا","4:77:34"
"يدرككم",1,"يُدْرِكْكُمُ","4:78:3"
"مشيدة",1,"مُشَيَّدَةٍؕ","4:78:9"
"وارسلناك",1,"وَاَرْسَلْنَاكَ","4:79:13"
"اطاع",1,"اَطَاعَ","4:80:5"
"اذاعوا",1,"اَذَاعُوا","4:83:8"
"ردوه",1,"رَدُّوهُ","4:83:11"
"لعلمه",1,"لَعَلِمَهُ","4:83:18"
"يستنبطونه",1,"يَسْتَنْبِطُونَهُ","4:83:20"
"لاتبعتم",1,"لَاتَّبَعْتُمُ","4:83:27"
"فقاتل",1,"فَقَاتِلْ","4:84:1"
"وحرض",1,"وَحَرِّضِ","4:84:9"
"تنكيلا",1,"تَنْكٖيلًا","4:84:22"
"كفل",1,"كِفْلٌ","4:85:15"
"مقيتا",1,"مُقٖيتًا","4:85:22"
"حييتم",1,"حُيّٖيتُمْ","4:86:2"
"بتحية",1,"بِتَحِيَّةٍ","4:86:3"
"فحيوا",1,"فَحَيُّوا","4:86:4"
"اركسهم",1,"اَرْكَسَهُمْ","4:88:7"
"تهدوا",1,"تَهْدُوا","4:88:12"
"فتكونون",1,"فَتَكُونُونَ","4:89:6"
"حصرت",1,"حَصِرَتْ","4:90:11"
"لسلطهم",1,"لَسَلَّطَهُمْ","4:90:21"
"فلقاتلوكم",1,"فَلَقَاتَلُوكُمْۚ","4:90:23"
"اعتزلوكم",1,"اعْتَزَلُوكُمْ","4:90:25"
"ستجدون",1,"سَتَجِدُونَ","4:91:1"
"يامنوكم",1,"يَاْمَنُوكُمْ","4:91:5"
"ويامنوا",1,"وَيَاْمَنُوا","4:91:6"
"اركسوا",1,"اُرْكِسُوا","4:91:13"
"يعتزلوكم",1,"يَعْتَزِلُوكُمْ","4:91:17"
"ويلقوا",1,"وَيُلْقُٓوا","4:91:18"
"ويكفوا",1,"وَيَكُفُّٓوا","4:91:21"
"واولئكم",1,"وَاُو࣑لٰٓئِكُمْ","4:91:27"
"ودية",1,"وَدِيَةٌ","4:92:16"
"يصدقوا",1,"يَصَّدَّقُواؕ","4:92:22"
"وتحرير",1,"وَتَحْرٖيرُ","4:92:45"
"فجزاؤه",1,"فَجَزَٓاؤُ࣑هُ","4:93:5"
"ولعنه",1,"وَلَعَنَهُ","4:93:12"
"تبتغون",1,"تَبْتَغُونَ","4:94:18"
"لقاعدون",1,"الْقَاعِدُونَ","4:95:3"
"لضرر",1,"الضَّرَرِ","4:95:8"
"والمجاهدون",1,"وَالْمُجَاهِدُونَ","4:95:9"
"توفيهم",1,"تَوَفّٰيهُمُ","4:97:3"
"مستضعفين",1,"مُسْتَضْعَفٖينَ","4:97:12"
"فتهاجروا",1,"فَتُهَاجِرُوا","4:97:21"
"لمستضعفين",1,"الْمُسْتَضْعَفٖينَ","4:98:2"
"حيلة",1,"حٖيلَةً","4:98:9"
"يعفو",1,"يَعْفُوَ","4:99:5"
"يهاجر",1,"يُهَاجِرْ","4:100:2"
"مراغما",1,"مُرَاغَمًا","4:100:9"
"يدركه",1,"يُدْرِكْهُ","4:100:21"
"تقصروا",1,"تَقْصُرُوا","4:101:9"
"يفتنكم",1,"يَفْتِنَكُمُ","4:101:15"
"فاقمت",1,"فَاَقَمْتَ","4:102:4"
"فلتقم",1,"فَلْتَقُمْ","4:102:7"
"اسلحتهم",1,"اَسْلِحَتَهُمْࣞ","4:102:12"
"سجدوا",1,"سَجَدُوا","4:102:14"
"فليكونوا",1,"فَلْيَكُونُوا","4:102:15"
"ورائكم",1,"وَرَٓائِكُمْࣕ","4:102:17"
"ولتات",1,"وَلْتَاْتِ","4:102:18"
"فليصلوا",1,"فَلْيُصَلُّوا","4:102:23"
"حذرهم",1,"حِذْرَهُمْ","4:102:26"
"واسلحتهم",1,"وَاَسْلِحَتَهُمْۚ","4:102:27"
"تغفلون",1,"تَغْفُلُونَ","4:102:32"
"وامتعتكم",1,"وَاَمْتِعَتِكُمْ","4:102:35"
"فيميلون",1,"فَيَمٖيلُونَ","4:102:36"
"ميلة",1,"مَيْلَةً","4:102:38"
"تضعوا",1,"تَضَعُٓوا","4:102:53"
"وخذوا",1,"وَخُذُوا","4:102:55"
"جنوبكم",1,"جُنُوبِكُمْۚ","4:103:9"
"اطماننتم",1,"اطْمَاْنَنْتُمْ","4:103:11"
"موقوتا",1,"مَوْقُوتًا","4:103:20"
"يالمون",1,"يَاْلَمُونَ","4:104:10"
"وترجون",1,"وَتَرْجُونَ","4:104:13"
"لتحكم",1,"لِتَحْكُمَ","4:105:6"
"للخائنين",1,"لِلْخَٓائِنٖينَ","4:105:14"
"يختانون",1,"يَخْتَانُونَ","4:107:5"
"جادلتم",1,"جَادَلْتُمْ","4:109:3"
"يكسبه",1,"يَكْسِبُهُ","4:111:5"
"خطية",1,"خَطٖٓيـَٔةً","4:112:3"
"يرم",1,"يَرْمِ","4:112:7"
"بريا",1,"بَرٖٓيـًٔا","4:112:9"
"احتمل",1,"احْتَمَلَ","4:112:11"
"لهمت",1,"لَهَمَّتْ","4:113:6"
"يضرونك",1,"يَضُرُّونَكَ","4:113:16"
"وعلمك",1,"وَعَلَّمَكَ","4:113:24"
"نجويهم",1,"نَجْوٰيهُمْ","4:114:6"
"بصدقة",1,"بِصَدَقَةٍ","4:114:10"
"نوله",1,"نُوَلِّهٖ","4:115:14"
"ونصله",1,"وَنُصْلِهٖ","4:115:17"
"لاتخذن",1,"لَاَتَّخِذَنَّ","4:118:4"
"ولاضلنهم",1,"وَلَاُضِلَّنَّهُمْ","4:119:1"
"ولامنينهم",1,"وَلَاُمَنِّيَنَّهُمْ","4:119:2"
"فليبتكن",1,"فَلَيُبَتِّكُنَّ","4:119:4"
"فليغيرن",1,"فَلَيُغَيِّرُنَّ","4:119:8"
"خسرانا",1,"خُسْرَانًا","4:119:20"
"ويمنيهم",1,"وَيُمَنّٖيهِمْؕ","4:120:2"
"بامانيكم",1,"بِاَمَانِيِّكُمْ","4:123:2"
"يجز",1,"يُجْزَ","4:123:10"
"ويستفتونك",1,"وَيَسْتَفْتُونَكَ","4:127:1"
"يتامى",1,"يَتَامَى","4:127:14"
"تؤتونهن",1,"تُؤْتُونَهُنَّ","4:127:18"
"وترغبون",1,"وَتَرْغَبُونَ","4:127:22"
"لليتامى",1,"لِلْيَتَامٰى","4:127:30"
"بعلها",1,"بَعْلِهَا","4:128:5"
"نشوزا",1,"نُشُوزًا","4:128:6"
"يصلحا",1,"يُصْلِحَا","4:128:13"
"والصلح",1,"وَالصُّلْحُ","4:128:16"
"واحضرت",1,"وَاُحْضِرَتِ","4:128:18"
"لشح",1,"الشُّحَّؕ","4:128:20"
"تحسنوا",1,"تُحْسِنُوا","4:128:22"
"تستطيعوا",1,"تَسْتَطٖيعُٓوا","4:129:2"
"حرصتم",1,"حَرَصْتُمْ","4:129:8"
"لميل",1,"الْمَيْلِ","4:129:12"
"فتذروها",1,"فَتَذَرُوهَا","4:129:13"
"كالمعلقة",1,"كَالْمُعَلَّقَةِؕ","4:129:14"
"تصلحوا",1,"تُصْلِحُوا","4:129:16"
"يتفرقا",1,"يَتَفَرَّقَا","4:130:2"
"يغن",1,"يُغْنِ","4:130:3"
"باخرين",1,"بِاٰخَرٖينَؕ","4:133:7"
"لوالدين",1,"الْوَالِدَيْنِ","4:135:14"
"تلو࣒ا",1,"تَلْوُ࣒ٓا","4:135:30"
"تعرضوا",1,"تُعْرِضُوا","4:135:32"
"تعملونخبيرا",1,"تَعْمَلُونَخَبٖيرًا","4:135:37"
"يتخذون",1,"يَتَّخِذُونَ","4:139:2"
"ايبتغون",1,"اَيَبْتَغُونَ","4:139:8"
"سمعتم",1,"سَمِعْتُمْ","4:140:8"
"ويستهزا",1,"وَيُسْتَهْزَاُ","4:140:13"
"والكافرين",1,"وَالْكَافِرٖينَ","4:140:30"
"يتربصون",1,"يَتَرَبَّصُونَ","4:141:2"
"نستحوذ",1,"نَسْتَحْوِذْ","4:141:20"
"ونمنعكم",1,"وَنَمْنَعْكُمْ","4:141:22"
"خادعهم",1,"خَادِعُهُمْۚ","4:142:6"
"مذبذبين",1,"مُذَبْذَبٖينَ","4:143:1"
"لدرك",1,"الدَّرْكِ","4:145:4"
"لاسفل",1,"الْاَسْفَلِ","4:145:5"
"واخلصوا",1,"وَاَخْلَصُوا","4:146:7"
"بعذابكم",1,"بِعَذَابِكُمْ","4:147:4"
"ونكفر",1,"وَنَكْفُرُ","4:150:15"
"سالوا",1,"سَاَلُوا","4:153:11"
"فعفونا",1,"فَعَفَوْنَا","4:153:31"
"بميثاقهم",1,"بِمٖيثَاقِهِمْ","4:154:4"
"وكفرهم",1,"وَكُفْرِهِمْ","4:155:4"
"وبكفرهم",1,"وَبِكُفْرِهِمْ","4:156:1"
"صلبوه",1,"صَلَبُوهُ","4:157:13"
"شبه",1,"شُبِّهَ","4:157:15"
"فبظلم",1,"فَبِظُلْمٍ","4:160:1"
"وبصدهم",1,"وَبِصَدِّهِمْ","4:160:10"
"واخذهم",1,"وَاَخْذِهِمُ","4:161:1"
"لراسخون",1,"الرَّاسِخُونَ","4:162:2"
"والمقيمين",1,"وَالْمُقٖيمٖينَ","4:162:15"
"والمؤتون",1,"وَالْمُؤْتُونَ","4:162:17"
"سنؤتيهم",1,"سَنُؤْتٖيهِمْ","4:162:24"
"قصصناهم",1,"قَصَصْنَاهُمْ","4:164:3"
"نقصصهم",1,"نَقْصُصْهُمْ","4:164:9"
"تكليما",1,"تَكْلٖيمًاۚ","4:164:14"
"وكلمته",1,"وَكَلِمَتُهُۚ","4:171:20"
"لقيها",1,"اَلْقٰيهَٓا","4:171:21"
"وروح",1,"وَرُوحٌ","4:171:24"
"ويستكبر",1,"وَيَسْتَكْبِرْ","4:172:15"
"فسيحشرهم",1,"فَسَيَحْشُرُهُمْ","4:172:16"
"استنكفوا",1,"اسْتَنْكَفُوا","4:173:13"
"فيعذبهم",1,"فَيُعَذِّبُهُمْ","4:173:15"
"فسيدخلهم",1,"فَسَيُدْخِلُهُمْ","4:175:7"
"يستفتونك",1,"يَسْتَفْتُونَكَؕ","4:176:1"
"لكلالة",1,"الْكَلَالَةِؕ","4:176:6"
"امرؤا",1,"امْرُؤٌا","4:176:8"
"لثلثان",1,"الثُّلُثَانِ","4:176:30"
"فللذكر",1,"فَلِلذَّكَرِ","4:176:38"
"برؤ࣒سكم",1,"بِرُؤُ࣒سِكُمْ","5:6:14"
"واحباؤه",1,"وَاَحِبَّٓاؤُ࣑هُؕ","5:18:7"
"منالعالمين",1,"مِنَالْعَالَمٖينَ","5:20:22"
"فتنقلبواخاسرين",1,"فَتَنْقَلِبُواخَاسِرٖينَ","5:21:14"
"فاناداخلون",1,"فَاِنَّادَاخِلُونَ","5:22:17"
"فقاتلا",1,"فَقَاتِلَٓا","5:24:14"
"ههناقاعدون",1,"هٰهُنَاقَاعِدُونَ","5:24:16"
"ليريه",1,"لِيُرِيَهُ","5:31:7"
"منالنادمين",1,"مِنَالنَّادِمٖينَۚۛ","5:31:25"
"فتنته",1,"فِتْنَتَهُ","5:41:45"
"عذابعظيم",1,"عَذَابٌعَظٖيمٌ","5:41:67"
"لقومالظالمين",1,"الْقَوْمَالظَّالِمٖينَ","5:51:22"
"نخشى",1,"نَخْشٰٓى","5:52:9"
"بالفتح",1,"بِالْفَتْحِ","5:52:17"
"فيصبحوا",1,"فَيُصْبِحُوا","5:52:22"
"اسروا",1,"اَسَرُّوا","5:52:25"
"لمعكم",1,"لَمَعَكُمْؕ","5:53:11"
"يحبهم",1,"يُحِبُّهُمْ","5:54:13"
"ويحبونه",1,"وَيُحِبُّونَهُٓ","5:54:14"
"يجاهدون",1,"يُجَاهِدُونَ","5:54:21"
"لومة",1,"لَوْمَةَ","5:54:27"
"لائم",1,"لَٓائِمٍؕ","5:54:28"
"وليكم",1,"وَلِيُّكُمُ","5:55:2"
"راكعون",1,"رَاكِعُونَ","5:55:13"
"ناديتم",1,"نَادَيْتُمْ","5:58:2"
"اتخذوها",1,"اتَّخَذُوهَا","5:58:5"
"تنقمون",1,"تَنْقِمُونَ","5:59:5"
"مثوبة",1,"مَثُوبَةً","5:60:7"
"لقردة",1,"الْقِرَدَةَ","5:60:17"
"والخنازير",1,"وَالْخَنَازٖيرَ","5:60:18"
"وعبد",1,"وَعَبَدَ","5:60:19"
"ينهيهم",1,"يَنْهٰيهُمُ","5:63:2"
"لربانيون",1,"الرَّبَّانِيُّونَ","5:63:3"
"غلت",1,"غُلَّتْ","5:64:6"
"ولعنوا",1,"وَلُعِنُوا","5:64:8"
"مبسوطتان",1,"مَبْسُوطَتَانِۙ","5:64:13"
"اوقدوا",1,"اَوْقَدُوا","5:64:35"
"للحرب",1,"لِلْحَرْبِ","5:64:37"
"اطفاها",1,"اَطْفَاَهَا","5:64:38"
"ولادخلناهم",1,"وَلَاَدْخَلْنَاهُمْ","5:65:10"
"لاكلوا",1,"لَاَكَلُوا","5:66:11"
"مقتصدة",1,"مُقْتَصِدَةٌؕ","5:66:19"
"تفعل",1,"تَفْعَلْ","5:67:12"
"يعصمك",1,"يَعْصِمُكَ","5:67:17"
"لقومالكافرين",1,"الْقَوْمَالْكَافِرٖينَ","5:67:24"
"تقيموا",1,"تُقٖيمُوا","5:68:8"
"والصابؤ࣒ن",1,"وَالصَّابِؤُ࣒نَ","5:69:6"
"وحسبوا",1,"وَحَسِبُٓوا","5:71:1"
"فعموا",1,"فَعَمُوا","5:71:5"
"عموا",1,"عَمُوا","5:71:12"
"منانصار",1,"مِنْاَنْصَارٍ","5:72:33"
"ثالث",1,"ثَالِثُ","5:73:7"
"ليمسن",1,"لَيَمَسَّنَّ","5:73:20"
"ويستغفرونه",1,"وَيَسْتَغْفِرُونَهُؕ","5:74:5"
"صديقة",1,"صِدّٖيقَةٌؕ","5:75:13"
"نبين",1,"نُبَيِّنُ","5:75:19"
"واضلوا",1,"وَاَضَلُّوا","5:77:18"
"وضلوا",1,"وَضَلُّوا","5:77:20"
"يتناهون",1,"يَتَنَاهَوْنَ","5:79:3"
"سخط",1,"سَخِطَ","5:80:13"
"والنبى",1,"وَالنَّبِيِّ","5:81:5"
"اتخذوهم",1,"اتَّخَذُوهُمْ","5:81:10"
"لتجدن",1,"لَتَجِدَنَّ","5:82:1"
"ولتجدن",1,"وَلَتَجِدَنَّ","5:82:10"
"اقربهم",1,"اَقْرَبَهُمْ","5:82:11"
"قسيسين",1,"قِسّٖيسٖينَ","5:82:22"
"ورهبانا",1,"وَرُهْبَانًا","5:82:23"
"ونطمع",1,"وَنَطْمَعُ","5:84:10"
"يدخلنا",1,"يُدْخِلَنَا","5:84:12"
"فاثابهم",1,"فَاَثَابَهُمُ","5:85:1"
"تحرموا",1,"تُحَرِّمُوا","5:87:5"
"عقدتم",1,"عَقَّدْتُمُ","5:89:10"
"فكفارته",1,"فَكَفَّارَتُهُٓ","5:89:12"
"اوسط",1,"اَوْسَطِ","5:89:17"
"تطعمون",1,"تُطْعِمُونَ","5:89:19"
"اهليكم",1,"اَهْلٖيكُمْ","5:89:20"
"كسوتهم",1,"كِسْوَتُهُمْ","5:89:22"
"تحرير",1,"تَحْرٖيرُ","5:89:24"
"حلفتم",1,"حَلَفْتُمْؕ","5:89:36"
"واحفظوا",1,"وَاحْفَظُٓوا","5:89:37"
"والانصاب",1,"وَالْاَنْصَابُ","5:90:7"
"والازلام",1,"وَالْاَزْلَامُ","5:90:8"
"فاجتنبوه",1,"فَاجْتَنِبُوهُ","5:90:13"
"يوقع",1,"يُوقِعَ","5:91:5"
"ويصدكم",1,"وَيَصُدَّكُمْ","5:91:12"
"منتهون",1,"مُنْتَهُونَ","5:91:20"
"واحذروا",1,"وَاحْذَرُواۚ","5:92:5"
"طعموا",1,"طَعِمُٓوا","5:93:9"
"ليبلونكم",1,"لَيَبْلُوَنَّكُمُ","5:94:4"
"تناله",1,"تَنَالُهُٓ","5:94:9"
"ورماحكم",1,"وَرِمَاحُكُمْ","5:94:11"
"يخافه",1,"يَخَافُهُ","5:94:15"
"قتله",1,"قَتَلَهُ","5:95:10"
"فجزاء",1,"فَجَزَٓاءٌ","5:95:13"
"صياما",1,"صِيَامًا","5:95:34"
"ليذوق",1,"لِيَذُوقَ","5:95:35"
"فينتقم",1,"فَيَنْتَقِمُ","5:95:44"
"وطعامه",1,"وَطَعَامُهُ","5:96:5"
"وللسيارة",1,"وَلِلسَّيَّارَةِۚ","5:96:8"
"دمتم",1,"دُمْتُمْ","5:96:14"
"والشهر",1,"وَالشَّهْرَ","5:97:8"
"والقلائد",1,"وَالْقَلَٓائِدَؕ","5:97:11"
"والطيب",1,"وَالطَّيِّبُ","5:100:5"
"كثرة",1,"كَثْرَةُ","5:100:8"
"اشياء",1,"اَشْيَٓاءَ","5:101:7"
"تسؤكم",1,"تَسُؤْكُمْۚ","5:101:11"
"سالها",1,"سَاَلَهَا","5:102:2"
"اصبحوا",1,"اَصْبَحُوا","5:102:7"
"بحيرة",1,"بَحٖيرَةٍ","5:103:5"
"سائبة",1,"سَٓائِبَةٍ","5:103:7"
"وصيلة",1,"وَصٖيلَةٍ","5:103:9"
"حام",1,"حَامٍۙ","5:103:11"
"اهتديتم",1,"اهْتَدَيْتُمْؕ","5:105:11"
"اثنان",1,"اثْنَانِ","5:106:12"
"فاصابتكم",1,"فَاَصَابَتْكُمْ","5:106:25"
"تحبسونهما",1,"تَحْبِسُونَهُمَا","5:106:28"
"نشترى",1,"نَشْتَرٖي","5:106:37"
"نكتم",1,"نَكْتُمُ","5:106:45"
"لاثمين",1,"الْاٰثِمٖينَ","5:106:51"
"عثر",1,"عُثِرَ","5:107:2"
"استحقا",1,"اسْتَحَقَّٓا","5:107:5"
"فاخران",1,"فَاٰخَرَانِ","5:107:7"
"مقامهما",1,"مَقَامَهُمَا","5:107:9"
"استحق",1,"اسْتَحَقَّ","5:107:12"
"لشهادتنا",1,"لَشَهَادَتُنَٓا","5:107:17"
"اعتدينا",1,"اعْتَدَيْنَاؗ","5:107:22"
"بالشهادة",1,"بِالشَّهَادَةِ","5:108:5"
"يخافوا",1,"يَخَافُٓوا","5:108:9"
"ترد",1,"تُرَدَّ","5:108:11"
"اذكر",1,"اذْكُرْ","5:110:8"
"والدتك",1,"وَالِدَتِكَۘ","5:110:12"
"ايدتك",1,"اَيَّدْتُكَ","5:110:14"
"علمتك",1,"عَلَّمْتُكَ","5:110:23"
"تخلق",1,"تَخْلُقُ","5:110:29"
"فتنفخ",1,"فَتَنْفُخُ","5:110:35"
"وتبرئ",1,"وَتُبْرِئُ","5:110:40"
"كففت",1,"كَفَفْتُ","5:110:49"
"اوحيت",1,"اَوْحَيْتُ","5:111:2"
"لحوارين",1,"الْحَوَارِيّٖنَ","5:111:4"
"وبرسولى",1,"وَبِرَسُولٖيۚ","5:111:8"
"ناكل",1,"نَاْكُلَ","5:113:4"
"صدقتنا",1,"صَدَقْتَنَا","5:113:11"
"عيدا",1,"عٖيدًا","5:114:14"
"لاولنا",1,"لِاَوَّلِنَا","5:114:15"
"واخرنا",1,"وَاٰخِرِنَا","5:114:16"
"وارزقنا",1,"وَارْزُقْنَا","5:114:19"
"منزلها",1,"مُنَزِّلُهَا","5:115:4"
"اتخذونى",1,"اتَّخِذُونٖي","5:116:11"
"وامى",1,"وَاُمِّيَ","5:116:12"
"بحق",1,"بِحَقٍّؕ","5:116:27"
"قلته",1,"قُلْتُهُ","5:116:30"
"علمته",1,"عَلِمْتَهُؕ","5:116:32"
"علامالغيوب",1,"عَلَّامُالْغُيُوبِ","5:116:44"
"امرتنى",1,"اَمَرْتَنٖي","5:117:6"
"توفيتنى",1,"تَوَفَّيْتَنٖي","5:117:20"
"لرقيب",1,"الرَّقٖيبَ","5:117:23"
"رحمه",1,"رَحِمَهُؕ","6:16:6"
"منالمؤمنين",1,"مِنَالْمُؤْمِنٖينَ","6:27:16"
"حسرتنا",1,"حَسْرَتَنَا","6:31:14"
"مايزرون",1,"مَايَزِرُونَ","6:31:26"
"نبائ",1,"نَبَا࣑ئِ","6:34:21"
"يحشروا",1,"يُحْشَرُٓوا","6:51:6"
"تطرد",1,"تَطْرُدِ","6:52:2"
"حسابك",1,"حِسَابِكَ","6:52:18"
"فتطردهم",1,"فَتَطْرُدَهُمْ","6:52:22"
"ليقولوا",1,"لِيَقُولُٓوا","6:53:5"
"بالشاكرين",1,"بِالشَّاكِرٖينَ","6:53:15"
"ولتستبين",1,"وَلِتَسْتَبٖينَ","6:55:4"
"اهواءكم",1,"اَهْوَٓاءَكُمْۙ","6:56:14"
"وكذبتم",1,"وَكَذَّبْتُمْ","6:57:7"
"لفاصلين",1,"الْفَاصِلٖينَ","6:57:22"
"مفاتح",1,"مَفَاتِـحُ","6:59:2"
"ورقة",1,"وَرَقَةٍ","6:59:16"
"يابس",1,"يَابِسٍ","6:59:27"
"جرحتم",1,"جَرَحْتُمْ","6:60:7"
"يبعثكم",1,"يَبْعَثُكُمْ","6:60:10"
"حفظة",1,"حَفَظَةًؕ","6:61:7"
"توفته",1,"تَوَفَّتْهُ","6:61:13"
"يفرطون",1,"يُفَرِّطُونَ","6:61:17"
"لحاسبين",1,"الْحَاسِبٖينَ","6:62:12"
"تدعونه",1,"تَدْعُونَهُ","6:63:8"
"كرب",1,"كَرْبٍ","6:64:7"
"ارجلكم",1,"اَرْجُلِكُمْ","6:65:14"
"يلبسكم",1,"يَلْبِسَكُمْ","6:65:16"
"ويذيق",1,"وَيُذٖيقَ","6:65:18"
"يخوضون",1,"يَخُوضُونَ","6:68:4"
"ينسينك",1,"يُنْسِيَنَّكَ","6:68:15"
"تقعد",1,"تَقْعُدْ","6:68:18"
"وذر",1,"وَذَرِ","6:70:1"
"تبسل",1,"تُبْسَلَ","6:70:13"
"تعدل",1,"تَعْدِلْ","6:70:26"
"ابسلوا",1,"اُبْسِلُوا","6:70:34"
"اندعوا",1,"اَنَدْعُوا","6:71:2"
"يضرنا",1,"يَضُرُّنَا","6:71:10"
"ونرد",1,"وَنُرَدُّ","6:71:11"
"اعقابنا",1,"اَعْقَابِنَا","6:71:13"
"استهوته",1,"اسْتَهْوَتْهُ","6:71:19"
"حيران",1,"حَيْرَانَࣕ","6:71:23"
"يدعونه",1,"يَدْعُونَهُٓ","6:71:26"
"وامرنا",1,"وَاُمِرْنَا","6:71:36"
"لنسلم",1,"لِنُسْلِمَ","6:71:37"
"ازر",1,"اٰزَرَ","6:74:5"
"اتتخذ",1,"اَتَتَّخِذُ","6:74:6"
"وقومك",1,"وَقَوْمَكَ","6:74:11"
"لموقنين",1,"الْمُوقِنٖينَ","6:75:9"
"لافلين",1,"الْاٰفِلٖينَ","6:76:15"
"بازغا",1,"بَازِغًا","6:77:4"
"يهدنى",1,"يَهْدِنٖي","6:77:13"
"لاكونن",1,"لَاَكُونَنَّ","6:77:15"
"بازغة",1,"بَازِغَةً","6:78:4"
"افلت",1,"اَفَلَتْ","6:78:11"
"مماتشركون",1,"مِمَّاتُشْرِكُونَ","6:78:17"
"وجهت",1,"وَجَّهْتُ","6:79:2"
"وحاجه",1,"وَحَٓاجَّهُ","6:80:1"
"اتحاجونى",1,"اَتُحَٓاجُّٓونّٖي","6:80:4"
"هدين",1,"هَدٰينِؕ","6:80:8"
"بالامن",1,"بِالْاَمْنِۚ","6:81:19"
"يلبسوا",1,"يَلْبِسُٓوا","6:82:4"
"حجتنا",1,"حُجَّتُنَٓا","6:83:2"
"اتيناها",1,"اٰتَيْنَاهَٓا","6:83:3"
"ويوسف",1,"وَيُوسُفَ","6:84:16"
"واجتبيناهم",1,"وَاجْتَبَيْنَاهُمْ","6:87:5"
"وهديناهم",1,"وَهَدَيْنَاهُمْ","6:87:6"
"لحبط",1,"لَحَبِطَ","6:88:12"
"وكلنا",1,"وَكَّلْنَا","6:89:12"
"بكافرين",1,"بِكَافِرٖينَ","6:89:17"
"فبهديهم",1,"فَبِهُدٰيهُمُ","6:90:5"
"اقتده",1,"اقْتَدِهْؕ","6:90:6"
"تجعلونه",1,"تَجْعَلُونَهُ","6:91:26"
"قراطيس",1,"قَرَاطٖيسَ","6:91:27"
"تبدونها",1,"تُبْدُونَهَا","6:91:28"
"وتخفون",1,"وَتُخْفُونَ","6:91:29"
"وعلمتم",1,"وَعُلِّمْتُمْ","6:91:31"
"خوضهم",1,"خَوْضِهِمْ","6:91:43"
"ولتنذر",1,"وَلِتُنْذِرَ","6:92:9"
"يوح",1,"يُوحَ","6:93:13"
"سانزل",1,"سَاُنْزِلُ","6:93:18"
"غمرات",1,"غَمَرَاتِ","6:93:28"
"باسطوا",1,"بَاسِطُٓوا","6:93:31"
"فرادى",1,"فُرَادٰى","6:94:3"
"وتركتم",1,"وَتَرَكْتُمْ","6:94:8"
"خولناكم",1,"خَوَّلْنَاكُمْ","6:94:10"
"ظهوركم",1,"ظُهُورِكُمْۚ","6:94:12"
"شفعاءكم",1,"شُفَعَٓاءَكُمُ","6:94:16"
"والنوى",1,"وَالنَّوٰىؕ","6:95:5"
"ومخرج",1,"وَمُخْرِجُ","6:95:10"
"لاصباح",1,"الْاِصْبَاحِۚ","6:96:2"
"لتهتدوا",1,"لِتَهْتَدُوا","6:97:6"
"فمستقر",1,"فَمُسْتَقَرٌّ","6:98:7"
"ومستودع",1,"وَمُسْتَوْدَعٌؕ","6:98:8"
"متراكبا",1,"مُتَرَاكِبًاۚ","6:99:18"
"قنوان",1,"قِنْوَانٌ","6:99:23"
"مشتبها",1,"مُشْتَبِهًا","6:99:30"
"وينعه",1,"وَيَنْعِهٖؕ","6:99:38"
"وخلقهم",1,"وَخَلَقَهُمْ","6:100:5"
"وخرقوا",1,"وَخَرَقُوا","6:100:6"
"تدركه",1,"تُدْرِكُهُ","6:103:2"
"يدرك",1,"يُدْرِكُ","6:103:5"
"درست",1,"دَرَسْتَ","6:105:5"
"ولنبينه",1,"وَلِنُبَيِّنَهُ","6:105:6"
"تسبوا",1,"تَسُبُّوا","6:108:2"
"فيسبوا",1,"فَيَسُبُّوا","6:108:8"
"يشعركم",1,"يُشْعِرُكُمْۙ","6:109:16"
"ونقلب",1,"وَنُقَلِّبُ","6:110:1"
"وكلمهم",1,"وَكَلَّمَهُمُ","6:111:6"
"وحشرنا",1,"وَحَشَرْنَا","6:111:8"
"يجهلون",1,"يَجْهَلُونَ","6:111:22"
"شياطين",1,"شَيَاطٖينَ","6:112:6"
"ولتصغى",1,"وَلِتَصْغٰٓى","6:113:1"
"وليرضوه",1,"وَلِيَرْضَوْهُ","6:113:8"
"وليقترفوا",1,"وَلِيَقْتَرِفُوا","6:113:9"
"مقترفون",1,"مُقْتَرِفُونَ","6:113:12"
"مفصلا",1,"مُفَصَّلًاؕ","6:114:10"
"منزل",1,"مُنَزَّلٌ","6:114:16"
"صدقا",1,"صِدْقًا","6:115:4"
"وعدلا",1,"وَعَدْلًاؕ","6:115:5"
"اضطررتم",1,"اضْطُرِرْتُمْ","6:119:18"
"ليضلون",1,"لَيُضِلُّونَ","6:119:22"
"باهوائهم",1,"بِاَهْوَٓائِهِمْ","6:119:23"
"بالمعتدين",1,"بِالْمُعْتَدٖينَ","6:119:30"
"ظاهر",1,"ظَاهِرَ","6:120:2"
"وباطنه",1,"وَبَاطِنَهُؕ","6:120:4"
"يقترفون",1,"يَقْتَرِفُونَ","6:120:12"
"لفسق",1,"لَفِسْقٌؕ","6:121:10"
"ليوحون",1,"لَيُوحُونَ","6:121:13"
"اوليائهم",1,"اَوْلِيَٓائِهِمْ","6:121:15"
"ليجادلوكم",1,"لِيُجَادِلُوكُمْۚ","6:121:16"
"اطعتموهم",1,"اَطَعْتُمُوهُمْ","6:121:18"
"فاحييناه",1,"فَاَحْيَيْنَاهُ","6:122:4"
"مجرميها",1,"مُجْرِمٖيهَا","6:123:7"
"ليمكروا",1,"لِيَمْكُرُوا","6:123:8"
"نؤتى",1,"نُؤْتٰى","6:124:8"
"صغار",1,"صَغَارٌ","6:124:22"
"يشرح",1,"يَشْرَحْ","6:125:6"
"استكثرتم",1,"اسْتَكْثَرْتُمْ","6:128:8"
"وبلغنا",1,"وَبَلَغْنَٓا","6:128:19"
"اجلنا",1,"اَجَلَنَا","6:128:20"
"مثويكم",1,"مَثْوٰيكُمْ","6:128:26"
"حكيمعليم",1,"حَكٖيمٌعَلٖيمٌ","6:128:35"
"نولى",1,"نُوَلّٖي","6:129:2"
"كانواكافرين",1,"كَانُواكَافِرٖينَ","6:130:27"
"بعدكم",1,"بَعْدِكُمْ","6:133:10"
"يفلحالظالمون",1,"يُفْلِحُالظَّالِمُونَ","6:135:18"
"لشركائنا",1,"لِشُرَكَٓائِنَاۚ","6:136:14"
"لشركائهم",1,"لِشُرَكَٓائِهِمْ","6:136:17"
"لكثير",1,"لِكَثٖيرٍ","6:137:3"
"ليردوهم",1,"لِيُرْدُوهُمْ","6:137:9"
"وليلبسوا",1,"وَلِيَلْبِسُوا","6:137:10"
"انعام",1,"اَنْعَامٌ","6:138:3"
"وحرث",1,"وَحَرْثٌ","6:138:4"
"يطعمها",1,"يَطْعَمُهَٓا","6:138:7"
"لذكورنا",1,"لِذُكُورِنَا","6:139:8"
"ومحرم",1,"وَمُحَرَّمٌ","6:139:9"
"وصفهم",1,"وَصْفَهُمْؕ","6:139:19"
"سفها",1,"سَفَهًا","6:140:6"
"وحرموا",1,"وَحَرَّمُوا","6:140:9"
"والزرع",1,"وَالزَّرْعَ","6:141:9"
"حصاده",1,"حَصَادِهٖؗ","6:141:25"
"حمولة",1,"حَمُولَةً","6:142:3"
"لضان",1,"الضَّاْنِ","6:143:4"
"لمعز",1,"الْمَعْزِ","6:143:7"
"نبؤ࣒نى",1,"نَبِّؤُ࣒نٖي","6:143:19"
"محرما",1,"مُحَرَّمًا","6:145:8"
"طاعم",1,"طَاعِمٍ","6:145:10"
"دما",1,"دَمًا","6:145:17"
"مسفوحا",1,"مَسْفُوحًا","6:145:18"
"خنزير",1,"خِنْزٖيرٍ","6:145:21"
"فسقا",1,"فِسْقًا","6:145:25"
"ظفر",1,"ظُفُرٍۚ","6:146:7"
"والغنم",1,"وَالْغَنَمِ","6:146:10"
"شحومهما",1,"شُحُومَهُمَٓا","6:146:13"
"لحوايا",1,"الْحَوَايَٓا","6:146:19"
"اختلط",1,"اخْتَلَطَ","6:146:22"
"بعظم",1,"بِعَظْمٍؕ","6:146:23"
"ببغيهم",1,"بِبَغْيِهِمْؗ","6:146:26"
"ذورحمة",1,"ذُورَحْمَةٍ","6:147:5"
"باسه",1,"بَاْسُهُ","6:147:10"
"اشركنا",1,"اَشْرَكْنَا","6:148:8"
"فتخرجوه",1,"فَتُخْرِجُوهُ","6:148:28"
"تخرصون",1,"تَخْرُصُونَ","6:148:37"
"لحجة",1,"الْحُجَّةُ","6:149:3"
"لبالغة",1,"الْبَالِغَةُۚ","6:149:4"
"نرزقكم",1,"نَرْزُقُكُمْ","6:151:20"
"واياهم",1,"وَاِيَّاهُمْۚ","6:151:21"
"فاعدلوا",1,"فَاعْدِلُوا","6:152:23"
"وبعهد",1,"وَبِعَهْدِ","6:152:28"
"صراطى",1,"صِرَاطٖي","6:153:3"
"لسبل",1,"السُّبُلَ","6:153:8"
"فتفرق",1,"فَتَفَرَّقَ","6:153:9"
"تماما",1,"تَمَامًا","6:154:5"
"طائفتين",1,"طَٓائِفَتَيْنِ","6:156:7"
"دراستهم",1,"دِرَاسَتِهِمْ","6:156:13"
"وصدف",1,"وَصَدَفَ","6:157:24"
"سنجزى",1,"سَنَجْزِي","6:157:26"
"انتظروا",1,"انْتَظِرُٓوا","6:158:35"
"صلاتى",1,"صَلَاتٖي","6:162:3"
"ونسكى",1,"وَنُسُكٖي","6:162:4"
"ومحياى",1,"وَمَحْيَايَ","6:162:5"
"ومماتى",1,"وَمَمَاتٖي","6:162:6"
"وبذلك",1,"وَبِذٰلِكَ","6:163:4"
"ابغى",1,"اَبْغٖي","6:164:4"
"مذؤ࣒ما",1,"مَذْؤُ࣒مًا","7:18:4"
"و࣒رى",1,"وُ࣒رِيَ","7:20:7"
"نهيكما",1,"نَهٰيكُمَا","7:20:13"
"فدليهما",1,"فَدَلّٰيهُمَا","7:22:1"
"وناديهما",1,"وَنَادٰيهُمَا","7:22:15"
"سواتكم",1,"سَوْاٰتِكُمْ","7:26:9"
"لعلهميذكرون",1,"لَعَلَّهُمْيَذَّكَّرُونَ","7:26:19"
"وقبيله",1,"وَقَبٖيلُهُ","7:27:20"
"يحبالمسرفين",1,"يُحِبُّالْمُسْرِفٖينَࣖ","7:31:15"
"هميحزنون",1,"هُمْيَحْزَنُونَ","7:35:18"
"اخريهم",1,"اُخْرٰيهُمْ","7:38:25"
"لاو࣒ليهم",1,"لِاُو࣒لٰيهُمْ","7:38:26"
"او࣒ليهم",1,"اُو࣒لٰيهُمْ","7:39:2"
"لاخريهم",1,"لِاُخْرٰيهُمْ","7:39:3"
"ننسيهم",1,"نَنْسٰيهُمْ","7:51:10"
"جئناهم",1,"جِئْنَاهُمْ","7:52:2"
"نسوه",1,"نَسُوهُ","7:53:10"
"فيشفعوا",1,"فَيَشْفَعُوا","7:53:22"
"فنعمل",1,"فَنَعْمَلَ","7:53:26"
"يطلبه",1,"يَطْلُبُهُ","7:54:18"
"حثيثا",1,"حَثٖيثًاۙ","7:54:19"
"اقلت",1,"اَقَلَّتْ","7:57:11"
"ثقالا",1,"ثِقَالًا","7:57:13"
"سقناه",1,"سُقْنَاهُ","7:57:14"
"والبلد",1,"وَالْبَلَدُ","7:58:1"
"خبث",1,"خَبُثَ","7:58:8"
"نكدا",1,"نَكِدًاؕ","7:58:12"
"يومعظيم",1,"يَوْمٍعَظٖيمٍ","7:59:20"
"ضلالة",1,"ضَلَالَةٌ","7:61:6"
"وانصح",1,"وَاَنْصَحُ","7:62:4"
"ولتتقوا",1,"وَلِتَتَّقُوا","7:63:11"
"لنظنك",1,"لَنَظُنُّكَ","7:66:12"
"ناصح",1,"نَاصِحٌ","7:68:6"
"وزادكم",1,"وَزَادَكُمْ","7:69:19"
"بصطة",1,"بَصْۣطَةًۚ","7:69:22"
"لنعبد",1,"لِنَعْبُدَ","7:70:3"
"اتجادلوننى",1,"اَتُجَادِلُونَنٖي","7:71:9"
"واذ‌كروا",1,"وَاذْ‌كُرُٓوا","7:74:1"
"وبواكم",1,"وَبَوَّاَكُمْ","7:74:8"
"سهولها",1,"سُهُولِهَا","7:74:13"
"فعقروا",1,"فَعَقَرُوا","7:77:1"
"منالمرسلين",1,"مِنَالْمُرْسَلٖينَ","7:77:15"
"رسالة",1,"رِسَالَةَ","7:79:8"
"تحبونالناصحين",1,"تُحِبُّونَالنَّاصِحٖينَ","7:79:14"
"اخرجوهم",1,"اَخْرِجُوهُمْ","7:82:8"
"فاوفوا",1,"فَاَوْفُوا","7:85:20"
"وتصدون",1,"وَتَصُدُّونَ","7:86:6"
"وتبغونها",1,"وَتَبْغُونَهَا","7:86:13"
"فكثركم",1,"فَكَثَّرَكُمْࣕ","7:86:19"
"وانظروا",1,"وَانْظُرُوا","7:86:20"
"لنخرجنك",1,"لَنُخْرِجَنَّكَ","7:88:7"
"قريتنا",1,"قَرْيَتِنَٓا","7:88:14"
"كناكارهين",1,"كُنَّاكَارِهٖينَ","7:88:21"
"افترينا",1,"افْتَرَيْنَا","7:89:2"
"ملتكم",1,"مِلَّتِكُمْ","7:89:9"
"نعود",1,"نَعُودَ","7:89:19"
"افتح",1,"افْتَحْ","7:89:35"
"لفاتحين",1,"الْفَاتِحٖينَ","7:89:42"
"اتبعتم",1,"اتَّبَعْتُمْ","7:90:8"
"اسى",1,"اٰسٰى","7:93:13"
"قومكافرين",1,"قَوْمٍكَافِرٖينَࣖ","7:93:15"
"يضرعون",1,"يَضَّرَّعُونَ","7:94:13"
"لضراء",1,"الضَّرَّٓاءُ","7:95:12"
"والسراء",1,"وَالسَّرَّٓاءُ","7:95:13"
"لفتحنا",1,"لَفَتَحْنَا","7:96:7"
"بركات",1,"بَرَكَاتٍ","7:96:9"
"اصبناهم",1,"اَصَبْنَاهُمْ","7:100:12"
"ونطبع",1,"وَنَطْبَعُ","7:100:14"
"انبائها",1,"اَنْبَٓائِهَاۚ","7:101:6"
"لاكثرهم",1,"لِاَكْثَرِهِمْ","7:102:3"
"حقيق",1,"حَقٖيقٌ","7:105:1"
"نحنالملقين",1,"نَحْنُالْمُلْقٖينَ","7:115:10"
"سحروا",1,"سَحَرُٓوا","7:116:5"
"واسترهبوهم",1,"وَاسْتَرْهَبُوهُمْ","7:116:8"
"فوقع",1,"فَوَقَعَ","7:118:1"
"فغلبوا",1,"فَغُلِبُوا","7:119:1"
"وانقلبوا",1,"وَانْقَلَبُوا","7:119:3"
"صاغرين",1,"صَاغِرٖينَۚ","7:119:4"
"مكرتموه",1,"مَكَرْتُمُوهُ","7:123:12"
"لتخرجوا",1,"لِتُخْرِجُوا","7:123:15"
"لاصلبنكم",1,"لَاُصَلِّبَنَّكُمْ","7:124:7"
"تنقم",1,"تَنْقِمُ","7:126:2"
"جاءتنا",1,"جَٓاءَتْنَاؕ","7:126:10"
"اتذر",1,"اَتَذَرُ","7:127:6"
"ليفسدوا",1,"لِيُفْسِدُوا","7:127:9"
"ويذرك",1,"وَيَذَرَكَ","7:127:12"
"والهتك",1,"وَاٰلِهَتَكَؕ","7:127:13"
"سنقتل",1,"سَنُقَتِّلُ","7:127:15"
"ونستحى",1,"وَنَسْتَحْيٖ","7:127:17"
"قاهرون",1,"قَاهِرُونَ","7:127:21"
"يورثها",1,"يُورِثُهَا","7:128:10"
"او࣒ذينا",1,"اُو࣒ذٖينَا","7:129:2"
"ويستخلفكم",1,"وَيَسْتَخْلِفَكُمْ","7:129:17"
"فينظر",1,"فَيَنْظُرَ","7:129:20"
"بالسنين",1,"بِالسِّنٖينَ","7:130:5"
"يطيروا",1,"يَطَّيَّرُوا","7:131:10"
"بموسى",1,"بِمُوسٰى","7:131:11"
"طائرهم",1,"طَٓائِرُهُمْ","7:131:16"
"مهما",1,"مَهْمَا","7:132:2"
"تاتنا",1,"تَاْتِنَا","7:132:3"
"لتسحرنا",1,"لِتَسْحَرَنَا","7:132:7"
"والجراد",1,"وَالْجَرَادَ","7:133:4"
"والقمل",1,"وَالْقُمَّلَ","7:133:5"
"والضفادع",1,"وَالضَّفَادِعَ","7:133:6"
"مفصلات",1,"مُفَصَّلَاتٍ","7:133:9"
"لنؤمنن",1,"لَنُؤْمِنَنَّ","7:134:18"
"ولنرسلن",1,"وَلَنُرْسِلَنَّ","7:134:20"
"بنياسرايل",1,"بَنٖٓياِسْرَٓائٖلَۚ","7:134:22"
"بالغوه",1,"بَالِغُوهُ","7:135:8"
"يستضعفون",1,"يُسْتَضْعَفُونَ","7:137:5"
"مشارق",1,"مَشَارِقَ","7:137:6"
"ومغاربها",1,"وَمَغَارِبَهَا","7:137:8"
"ودمرنا",1,"وَدَمَّرْنَا","7:137:21"
"يصنع",1,"يَصْنَعُ","7:137:24"
"يعكفون",1,"يَعْكُفُونَ","7:138:8"
"اصنام",1,"اَصْنَامٍ","7:138:10"
"قومتجهلون",1,"قَوْمٌتَجْهَلُونَ","7:138:23"
"متبر",1,"مُتَبَّرٌ","7:139:3"
"ابغيكم",1,"اَبْغٖيكُمْ","7:140:4"
"فضلكم",1,"فَضَّلَكُمْ","7:140:7"
"ووعدنا",1,"وَوٰعَدْنَا","7:142:1"
"ثلثين",1,"ثَلٰثٖينَ","7:142:3"
"واتممناها",1,"وَاَتْمَمْنَاهَا","7:142:5"
"فتم",1,"فَتَمَّ","7:142:7"
"لاخيه",1,"لِاَخٖيهِ","7:142:14"
"اخلفنى",1,"اخْلُفْنٖي","7:142:16"
"وكلمه",1,"وَكَلَّمَهُ","7:143:5"
"استقر",1,"اسْتَقَرَّ","7:143:20"
"للجبل",1,"لِلْجَبَلِ","7:143:27"
"صعقا",1,"صَعِقًاۚ","7:143:32"
"افاق",1,"اَفَاقَ","7:143:34"
"اصطفيتك",1,"اصْطَفَيْتُكَ","7:144:5"
"برسالاتى",1,"بِرِسَالَاتٖي","7:144:8"
"وبكلامى",1,"وَبِكَلَامٖيؗ","7:144:9"
"اتيتك",1,"اٰتَيْتُكَ","7:144:12"
"منالشاكرين",1,"مِنَالشَّاكِرٖينَ","7:144:14"
"ياخذوا",1,"يَاْخُذُوا","7:145:16"
"باحسنها",1,"بِاَحْسَنِهَاؕ","7:145:17"
"ساصرف",1,"سَاَصْرِفُ","7:146:1"
"يتكبرون",1,"يَتَكَبَّرُونَ","7:146:5"
"ولقاء",1,"وَلِقَٓاءِ","7:147:4"
"حليهم",1,"حُلِيِّهِمْ","7:148:7"
"اتخذوه",1,"اِتَّخَذُوهُ","7:148:20"
"يرحمنا",1,"يَرْحَمْنَا","7:149:12"
"خلفتمونى",1,"خَلَفْتُمُونٖي","7:150:10"
"اعجلتم",1,"اَعَجِلْتُمْ","7:150:13"
"براس",1,"بِرَاْسِ","7:150:19"
"يجره",1,"يَجُرُّهُٓ","7:150:21"
"استضعفونى",1,"اسْتَضْعَفُونٖي","7:150:28"
"وكادوا",1,"وَكَادُوا","7:150:29"
"يقتلوننى",1,"يَقْتُلُونَنٖيؗ","7:150:30"
"تشمت",1,"تُشْمِتْ","7:150:32"
"لاعداء",1,"الْاَعْدَٓاءَ","7:150:34"
"ولاخى",1,"وَلِاَخٖي","7:151:5"
"وادخلنا",1,"وَاَدْخِلْنَا","7:151:6"
"رحمتك",1,"رَحْمَتِكَؗ","7:151:8"
"سينالهم",1,"سَيَنَالُهُمْ","7:152:5"
"وذلة",1,"وَذِلَّةٌ","7:152:9"
"لمفترين",1,"الْمُفْتَرٖينَ","7:152:15"
"سكت",1,"سَكَتَ","7:154:2"
"لغضب",1,"الْغَضَبُ","7:154:5"
"نسختها",1,"نُسْخَتِهَا","7:154:9"
"يرهبون",1,"يَرْهَبُونَ","7:154:15"
"واختار",1,"وَاخْتَارَ","7:155:1"
"اهلكتهم",1,"اَهْلَكْتَهُمْ","7:155:14"
"اتهلكنا",1,"اَتُهْلِكُنَا","7:155:18"
"فتنتك",1,"فِتْنَتُكَؕ","7:155:26"
"وتهدى",1,"وَتَهْدٖي","7:155:31"
"لغافرين",1,"الْغَافِرٖينَ","7:155:41"
"واكتب",1,"وَاكْتُبْ","7:156:1"
"اصيب",1,"اُصٖيبُ","7:156:14"
"اشاء",1,"اَشَٓاءُۚ","7:156:17"
"ورحمتى",1,"وَرَحْمَتٖي","7:156:18"
"فساكتبها",1,"فَسَاَكْتُبُهَا","7:156:22"
"يجدونه",1,"يَجِدُونَهُ","7:157:7"
"مكتوبا",1,"مَكْتُوبًا","7:157:8"
"يامرهم",1,"يَاْمُرُهُمْ","7:157:13"
"وينهيهم",1,"وَيَنْهٰيهُمْ","7:157:15"
"ويحرم",1,"وَيُحَرِّمُ","7:157:21"
"ويضع",1,"وَيَضَعُ","7:157:24"
"اصرهم",1,"اِصْرَهُمْ","7:157:26"
"والاغلال",1,"وَالْاَغْلَالَ","7:157:27"
"وعزروه",1,"وَعَزَّرُوهُ","7:157:34"
"ونصروه",1,"وَنَصَرُوهُ","7:157:35"
"وكلماته",1,"وَكَلِمَاتِهٖ","7:158:28"
"واتبعوه",1,"وَاتَّبِعُوهُ","7:158:29"
"اثنتى",1,"اثْنَتَيْ","7:160:2"
"اسباطا",1,"اَسْبَاطًا","7:160:4"
"استسقيه",1,"اسْتَسْقٰيهُ","7:160:10"
"فانبجست",1,"فَانْبَجَسَتْ","7:160:16"
"خطياتكم",1,"خَطٖٓيـَٔاتِكُمْؕ","7:161:18"
"سنزيد",1,"سَنَزٖيدُ","7:161:19"
"وسلهم",1,"وَسْـَٔلْهُمْ","7:163:1"
"يعدون",1,"يَعْدُونَ","7:163:9"
"حيتانهم",1,"حٖيتَانُهُمْ","7:163:14"
"سبتهم",1,"سَبْتِهِمْ","7:163:16"
"شرعا",1,"شُرَّعًا","7:163:17"
"يسبتون",1,"يَسْبِتُونَۙ","7:163:20"
"نبلوهم",1,"نَبْلُوهُمْ","7:163:24"
"تعظون",1,"تَعِظُونَ","7:164:6"
"مهلكهم",1,"مُهْلِكُهُمْ","7:164:9"
"معذرة",1,"مَعْذِرَةً","7:164:15"
"بيس",1,"بَــٖٔيسٍ","7:165:15"
"ليبعثن",1,"لَيَبْعَثَنَّ","7:167:4"
"يسومهم",1,"يَسُومُهُمْ","7:167:10"
"لسريع",1,"لَسَرٖيعُ","7:167:15"
"وبلوناهم",1,"وَبَلَوْنَاهُمْ","7:168:10"
"بالحسنات",1,"بِالْحَسَنَاتِ","7:168:11"
"والسيات",1,"وَالسَّيِّـَٔاتِ","7:168:12"
"ورثوا",1,"وَرِثُوا","7:169:5"
"ياخذون",1,"يَاْخُذُونَ","7:169:7"
"سيغفر",1,"سَيُغْفَرُ","7:169:12"
"ياخذوه",1,"يَاْخُذُوهُؕ","7:169:18"
"ودرسوا",1,"وَدَرَسُوا","7:169:31"
"يمسكون",1,"يُمَسِّكُونَ","7:170:2"
"نتقنا",1,"نَتَقْنَا","7:171:2"
"ظلة",1,"ظُلَّةٌ","7:171:6"
"واشهدهم",1,"وَاَشْهَدَهُمْ","7:172:10"
"افتهلكنا",1,"اَفَتُهْلِكُنَا","7:173:12"
"فانسلخ",1,"فَانْسَلَخَ","7:175:7"
"لرفعناه",1,"لَرَفَعْنَاهُ","7:176:3"
"ولكنه",1,"وَلٰكِنَّهُٓ","7:176:5"
"اخلد",1,"اَخْلَدَ","7:176:6"
"لكلب",1,"الْكَلْبِۚ","7:176:13"
"تتركه",1,"تَتْرُكْهُ","7:176:19"
"فاقصص",1,"فَاقْصُصِ","7:176:27"
"لمهتدى",1,"الْمُهْتَدٖيۚ","7:178:5"
"ذرانا",1,"ذَرَاْنَا","7:179:2"
"اسمائه",1,"اَسْمَٓائِهٖؕ","7:180:10"
"بصاحبهم",1,"بِصَاحِبِهِمْ","7:184:4"
"هادى",1,"هَادِيَ","7:186:5"
"ويذرهم",1,"وَيَذَرُهُمْ","7:186:7"
"يجليها",1,"يُجَلّٖيهَا","7:187:12"
"لوقتها",1,"لِوَقْتِهَٓا","7:187:13"
"كانك",1,"كَاَنَّكَ","7:187:25"
"حفى",1,"حَفِيٌّ","7:187:26"
"لاستكثرت",1,"لَاسْتَكْثَرْتُ","7:188:16"
"ليسكن",1,"لِيَسْكُنَ","7:189:10"
"تغشيها",1,"تَغَشّٰيهَا","7:189:13"
"خفيفا",1,"خَفٖيفًا","7:189:16"
"فمرت",1,"فَمَرَّتْ","7:189:17"
"اثقلت",1,"اَثْقَلَتْ","7:189:20"
"اتيتنا",1,"اٰتَيْتَنَا","7:189:25"
"جعلا",1,"جَعَلَا","7:190:4"
"ايشركون",1,"اَيُشْرِكُونَ","7:191:1"
"يتبعوكم",1,"يَتَّبِعُوكُمْؕ","7:193:6"
"ادعوتموهم",1,"اَدَعَوْتُمُوهُمْ","7:193:9"
"صامتون",1,"صَامِتُونَ","7:193:12"
"فادعوهم",1,"فَادْعُوهُمْ","7:194:9"
"ارجل",1,"اَرْجُلٌ","7:195:2"
"ايد",1,"اَيْدٍ","7:195:7"
"يبطشون",1,"يَبْطِشُونَ","7:195:8"
"كيدون",1,"كٖيدُونِ","7:195:24"
"وليى",1,"وَلِيِّىَ","7:196:2"
"بالعرف",1,"بِالْعُرْفِ","7:199:4"
"مسهم",1,"مَسَّهُمْ","7:201:5"
"مبصرون",1,"مُبْصِرُونَۚ","7:201:12"
"يمدونهم",1,"يَمُدُّونَهُمْ","7:202:2"
"يقصرون",1,"يُقْصِرُونَ","7:202:7"
"اجتبيتها",1,"اجْتَبَيْتَهَاؕ","7:203:7"
"وانصتوا",1,"وَاَنْصِتُوا","7:204:6"
"وخيفة",1,"وَخٖيفَةً","7:205:6"
"ودون",1,"وَدُونَ","7:205:7"
"ويسبحونه",1,"وَيُسَبِّحُونَهُ","7:206:9"
"دبره",1,"دُبُرَهُٓ","8:16:4"
"فاويكم",1,"فَاٰوٰيكُمْ","8:26:12"
"اولياؤه",1,"اَوْلِيَٓاؤُ࣑هُٓ","8:34:15"
"فيركمه",1,"فَيَرْكُمَهُ","8:37:11"
"فيجعله",1,"فَيَجْعَلَهُ","8:37:13"
"خمسه",1,"خُمُسَهُ","8:41:8"
"اريكهم",1,"اَرٰيكَهُمْ","8:43:8"
"مغيرا",1,"مُغَيِّرًا","8:53:6"
"انعمها",1,"اَنْعَمَهَا","8:53:8"
"عاهدت",1,"عَاهَدْتَ","8:56:2"
"تثقفنهم",1,"تَثْقَفَنَّهُمْ","8:57:2"
"فشرد",1,"فَشَرِّدْ","8:57:5"
"تخافن",1,"تَخَافَنَّ","8:58:2"
"خيانة",1,"خِيَانَةً","8:58:5"
"فانبذ",1,"فَانْبِذْ","8:58:6"
"يعجزون",1,"يُعْجِزُونَ","8:59:8"
"رباط",1,"رِبَاطِ","8:60:8"
"لخيل",1,"الْخَيْلِ","8:60:9"
"ترهبون",1,"تُرْهِبُونَ","8:60:10"
"تعلمونهم",1,"تَعْلَمُونَهُمْۚ","8:60:19"
"جنحوا",1,"جَنَحُوا","8:61:2"
"فاجنح",1,"فَاجْنَحْ","8:61:4"
"يخدعوك",1,"يَخْدَعُوكَ","8:62:4"
"ايدك",1,"اَيَّدَكَ","8:62:10"
"وبالمؤمنين",1,"وَبِالْمُؤْمِنٖينَۙ","8:62:12"
"والف",1,"وَاَلَّفَ","8:63:1"
"انفقت",1,"اَنْفَقْتَ","8:63:5"
"لفت",1,"اَلَّفْتَ","8:63:11"
"حرض",1,"حَرِّضِ","8:65:3"
"عشرون",1,"عِشْرُونَ","8:65:10"
"صابرون",1,"صَابِرُونَ","8:65:11"
"صابرة",1,"صَابِرَةٌ","8:66:13"
"لفين",1,"اَلْفَيْنِ","8:66:21"
"يثخن",1,"يُثْخِنَ","8:67:9"
"اخذتم",1,"اَخَذْتُمْ","8:68:8"
"لاسرى",1,"الْاَسْرٰٓىۙ","8:70:8"
"خيانتك",1,"خِيَانَتَكَ","8:71:3"
"خانوا",1,"خَانُوا","8:71:5"
"فامكن",1,"فَاَمْكَنَ","8:71:9"
"ولايتهم",1,"وَلَايَتِهِمْ","8:72:25"
"استنصروكم",1,"اسْتَنْصَرُوكُمْ","8:72:31"
"فعليكم",1,"فَعَلَيْكُمُ","8:72:34"
"تفعلوه",1,"تَفْعَلُوهُ","8:73:7"
"وفساد",1,"وَفَسَادٌ","8:73:12"
"مامنه",1,"مَاْمَنَهُؕ","9:6:13"
"بدؤ࣒كم",1,"بَدَؤُ࣒كُمْ","9:13:10"
"اجعلتم",1,"اَجَعَلْتُمْ","9:19:1"
"وجاهد",1,"وَجَاهَدَ","9:19:12"
"يضاهؤ࣒ن",1,"يُضَاهِؤُ࣒نَ","9:30:14"
"يطفؤ࣒ا",1,"يُطْفِؤُ࣒ا","9:32:3"
"بعذاباليم",1,"بِعَذَابٍاَلٖيمٍۙ","9:34:28"
"لنسيء",1,"النَّسٖٓيءُ","9:37:2"
"يحلونه",1,"يُحِلُّونَهُ","9:37:10"
"ويحرمونه",1,"وَيُحَرِّمُونَهُ","9:37:12"
"ليواطؤ࣒ا",1,"لِيُوَاطِؤُ࣒ا","9:37:14"
"وايده",1,"وَاَيَّدَهُ","9:40:28"
"يصيبنا",1,"يُصٖيبَنَٓا","9:51:3"
"تربصون",1,"تَرَبَّصُونَ","9:52:3"
"لحسنيين",1,"الْحُسْنَيَيْنِؕ","9:52:7"
"بايدينا",1,"بِاَيْدٖينَاؗ","9:52:18"
"متربصون",1,"مُتَرَبِّصُونَ","9:52:22"
"منعهم",1,"مَنَعَهُمْ","9:54:2"
"نفقاتهم",1,"نَفَقَاتُهُمْ","9:54:6"
"وبرسوله",1,"وَبِرَسُولِهٖ","9:54:11"
"لمنكم",1,"لَمِنْكُمْؕ","9:56:4"
"ولكنهم",1,"وَلٰكِنَّهُمْ","9:56:8"
"مغارات",1,"مَغَارَاتٍ","9:57:5"
"يجمحون",1,"يَجْمَحُونَ","9:57:11"
"يلمزك",1,"يَلْمِزُكَ","9:58:3"
"اعطوا",1,"اُعْطُوا","9:58:7"
"يسخطون",1,"يَسْخَطُونَ","9:58:16"
"سيؤتينا",1,"سَيُؤْتٖينَا","9:59:11"
"والعاملين",1,"وَالْعَامِلٖينَ","9:60:5"
"والمؤلفة",1,"وَالْمُؤَلَّفَةِ","9:60:7"
"والغارمين",1,"وَالْغَارِمٖينَ","9:60:11"
"ليرضوكم",1,"لِيُرْضُوكُمْۚ","9:62:4"
"يرضوه",1,"يُرْضُوهُ","9:62:9"
"يحادد",1,"يُحَادِدِ","9:63:5"
"تنبئهم",1,"تُنَبِّئُهُمْ","9:64:7"
"استهزؤ࣒ا",1,"اسْتَهْزِؤُ࣒اۚ","9:64:12"
"تحذرون",1,"تَحْذَرُونَ","9:64:17"
"ونلعب",1,"وَنَلْعَبُؕ","9:65:7"
"ابالله",1,"اَبِاللّٰهِ","9:65:9"
"تستهزؤ࣒ن",1,"تَسْتَهْزِؤُ࣒نَ","9:65:13"
"نعف",1,"نَعْفُ","9:66:8"
"نعذب",1,"نُعَذِّبْ","9:66:12"
"بالمنكر",1,"بِالْمُنْكَرِ","9:67:7"
"لمعروف",1,"الْمَعْرُوفِ","9:67:10"
"ويقبضون",1,"وَيَقْبِضُونَ","9:67:11"
"فنسيهم",1,"فَنَسِيَهُمْؕ","9:67:15"
"فاستمتعوا",1,"فَاسْتَمْتَعُوا","9:69:11"
"فاستمتعتم",1,"فَاسْتَمْتَعْتُمْ","9:69:13"
"بخلاقكم",1,"بِخَلَاقِكُمْ","9:69:14"
"وخضتم",1,"وَخُضْتُمْ","9:69:21"
"خاضوا",1,"خَاضُواؕ","9:69:23"
"اتتهم",1,"اَتَتْهُمْ","9:70:16"
"ويطيعون",1,"وَيُطٖيعُونَ","9:71:15"
"سيرحمهم",1,"سَيَرْحَمُهُمُ","9:71:19"
"اسلامهم",1,"اِسْلَامِهِمْ","9:74:11"
"اغنيهم",1,"اَغْنٰيهُمُ","9:74:20"
"يتولوا",1,"يَتَوَلَّوْا","9:74:31"
"لنصدقن",1,"لَنَصَّدَّقَنَّ","9:75:9"
"ولنكونن",1,"وَلَنَكُونَنَّ","9:75:10"
"فاعقبهم",1,"فَاَعْقَبَهُمْ","9:77:1"
"اخلفوا",1,"اَخْلَفُوا","9:77:9"
"وعدوه",1,"وَعَدُوهُ","9:77:12"
"يلمزون",1,"يَلْمِزُونَ","9:79:2"
"لمطوعين",1,"الْمُطَّوِّعٖينَ","9:79:3"
"جهدهم",1,"جُهْدَهُمْ","9:79:12"
"فيسخرون",1,"فَيَسْخَرُونَ","9:79:13"
"بمقعدهم",1,"بِمَقْعَدِهِمْ","9:81:3"
"حرا",1,"حَرًّاؕ","9:81:24"
"فليضحكوا",1,"فَلْيَضْحَكُوا","9:82:1"
"وليبكوا",1,"وَلْيَبْكُوا","9:82:3"
"رجعك",1,"رَجَعَكَ","9:83:2"
"فاستاذنوك",1,"فَاسْتَاْذَنُوكَ","9:83:7"
"للخروج",1,"لِلْخُرُوجِ","9:83:8"
"تخرجوا",1,"تَخْرُجُوا","9:83:11"
"رضيتم",1,"رَضٖيتُمْ","9:83:19"
"بالقعود",1,"بِالْقُعُودِ","9:83:20"
"فاقعدوا",1,"فَاقْعُدُوا","9:83:23"
"لخالفين",1,"الْخَالِفٖينَ","9:83:25"
"قبره",1,"قَبْرِهٖؕ","9:84:11"
"واولادهم",1,"وَاَوْلَادُهُمْؕ","9:85:4"
"استاذنك",1,"اسْتَاْذَنَكَ","9:86:10"
"ذرنا",1,"ذَرْنَا","9:86:15"
"لمعذرون",1,"الْمُعَذِّرُونَ","9:90:2"
"ليؤذن",1,"لِيُؤْذَنَ","9:90:5"
"وقعد",1,"وَقَعَدَ","9:90:7"
"لضعفاء",1,"الضُّعَفَٓاءِ","9:91:3"
"لمرضى",1,"الْمَرْضٰى","9:91:6"
"نصحوا",1,"نَصَحُوا","9:91:16"
"اتوك",1,"اَتَوْكَ","9:92:6"
"لتحملهم",1,"لِتَحْمِلَهُمْ","9:92:7"
"احملكم",1,"اَحْمِلُكُمْ","9:92:12"
"واعينهم",1,"وَاَعْيُنُهُمْ","9:92:15"
"حزنا",1,"حَزَنًا","9:92:19"
"يعتذرون",1,"يَعْتَذِرُونَ","9:94:1"
"نبانا",1,"نَبَّاَنَا","9:94:13"
"وسيرى",1,"وَسَيَرَى","9:94:17"
"سيحلفون",1,"سَيَحْلِفُونَ","9:95:1"
"لتعرضوا",1,"لِتُعْرِضُوا","9:95:7"
"لترضوا",1,"لِتَرْضَوْا","9:96:3"
"ترضوا",1,"تَرْضَوْا","9:96:6"
"ونفاقا",1,"وَنِفَاقًا","9:97:4"
"واجدر",1,"وَاَجْدَرُ","9:97:5"
"ويتربص",1,"وَيَتَرَبَّصُ","9:98:8"
"لدوائر",1,"الدَّوَٓائِرَؕ","9:98:10"
"قربات",1,"قُرُبَاتٍ","9:99:11"
"قربة",1,"قُرْبَةٌ","9:99:18"
"سيدخلهم",1,"سَيُدْخِلُهُمُ","9:99:20"
"اتبعوهم",1,"اتَّبَعُوهُمْ","9:100:7"
"منافقون",1,"مُنَافِقُونَؕ","9:101:5"
"مردوا",1,"مَرَدُوا","9:101:9"
"لنفاق",1,"النِّفَاقِ","9:101:11"
"تعلمهم",1,"تَعْلَمُهُمْؕ","9:101:13"
"نعلمهم",1,"نَعْلَمُهُمْؕ","9:101:15"
"سنعذبهم",1,"سَنُعَذِّبُهُمْ","9:101:16"
"اعترفوا",1,"اعْتَرَفُوا","9:102:2"
"خلطوا",1,"خَلَطُوا","9:102:4"
"سيئا",1,"سَيِّئًاؕ","9:102:8"
"تطهرهم",1,"تُطَهِّرُهُمْ","9:103:5"
"وتزكيهم",1,"وَتُزَكّٖيهِمْ","9:103:6"
"وصل",1,"وَصَلِّ","9:103:8"
"صلوتك",1,"صَلٰوتَكَ","9:103:11"
"وياخذ",1,"وَيَاْخُذُ","9:104:10"
"فسيرى",1,"فَسَيَرَى","9:105:3"
"وستردون",1,"وَسَتُرَدُّونَ","9:105:8"
"مرجون",1,"مُرْجَوْنَ","9:106:2"
"وتفريقا",1,"وَتَفْرٖيقًا","9:107:6"
"وارصادا",1,"وَاِرْصَادًا","9:107:9"
"حارب",1,"حَارَبَ","9:107:11"
"وليحلفن",1,"وَلَيَحْلِفُنَّ","9:107:16"
"يتطهروا",1,"يَتَطَهَّرُواؕ","9:108:20"
"لمطهرين",1,"الْمُطَّهِّرٖينَ","9:108:23"
"جرف",1,"جُرُفٍ","9:109:16"
"هار",1,"هَارٍ","9:109:17"
"فانهار",1,"فَانْهَارَ","9:109:18"
"ريبة",1,"رٖيبَةً","9:110:6"
"اشترى",1,"اشْتَرٰى","9:111:3"
"فيقتلون",1,"فَيَقْتُلُونَ","9:111:15"
"فاستبشروا",1,"فَاسْتَبْشِرُوا","9:111:29"
"ببيعكم",1,"بِبَيْعِكُمُ","9:111:30"
"بايعتم",1,"بَايَعْتُمْ","9:111:32"
"لتائبون",1,"اَلتَّٓائِبُونَ","9:112:1"
"لعابدون",1,"الْعَابِدُونَ","9:112:2"
"لحامدون",1,"الْحَامِدُونَ","9:112:3"
"لسائحون",1,"السَّٓائِحُونَ","9:112:4"
"لراكعون",1,"الرَّاكِعُونَ","9:112:5"
"لساجدون",1,"السَّاجِدُونَ","9:112:6"
"لامرون",1,"الْاٰمِرُونَ","9:112:7"
"والناهون",1,"وَالنَّاهُونَ","9:112:9"
"والحافظون",1,"وَالْحَافِظُونَ","9:112:12"
"لحدود",1,"لِحُدُودِ","9:112:13"
"يستغفروا",1,"يَسْتَغْفِرُوا","9:113:7"
"استغفار",1,"اسْتِغْفَارُ","9:114:3"
"موعدة",1,"مَوْعِدَةٍ","9:114:8"
"لاواه",1,"لَاَوَّاهٌ","9:114:21"
"لعسرة",1,"الْعُسْرَةِ","9:117:12"
"يزيغ",1,"يَزٖيغُ","9:117:17"
"خلفوا",1,"خُلِّفُواؕ","9:118:4"
"ضاقت",1,"ضَاقَتْ","9:118:7"
"ليتوبوا",1,"لِيَتُوبُواؕ","9:118:26"
"وكونوا",1,"وَكُونُوا","9:119:6"
"لاهل",1,"لِاَهْلِ","9:120:3"
"يتخلفوا",1,"يَتَخَلَّفُوا","9:120:10"
"يرغبوا",1,"يَرْغَبُوا","9:120:15"
"ظما",1,"ظَمَاٌ","9:120:23"
"يطؤ࣒ن",1,"يَطَؤُ࣒نَ","9:120:32"
"موطئا",1,"مَوْطِئًا","9:120:33"
"ينالون",1,"يَنَالُونَ","9:120:37"
"نيلا",1,"نَيْلًا","9:120:40"
"يقطعون",1,"يَقْطَعُونَ","9:121:8"
"واديا",1,"وَادِيًا","9:121:9"
"لينفروا",1,"لِيَنْفِرُوا","9:122:4"
"فرقة",1,"فِرْقَةٍ","9:122:10"
"ليتفقهوا",1,"لِيَتَفَقَّهُوا","9:122:13"
"يلونكم",1,"يَلُونَكُمْ","9:123:6"
"وليجدوا",1,"وَلْيَجِدُوا","9:123:9"
"غلظة",1,"غِلْظَةًؕ","9:123:11"
"زادته",1,"زَادَتْهُ","9:124:9"
"رجسا",1,"رِجْسًا","9:125:7"
"رجسهم",1,"رِجْسِهِمْ","9:125:9"
"انصرفوا",1,"انْصَرَفُواؕ","9:127:14"
"حريص",1,"حَرٖيصٌ","9:128:10"
"اذنه",1,"اِذْنِهٖؕ","10:3:23"
"وقدره",1,"وَقَدَّرَهُ","10:5:8"
"لجنبه",1,"لِجَنْبِهٖٓ","10:12:6"
"بقران",1,"بِقُرْاٰنٍ","10:15:12"
"ابدله",1,"اُبَدِّلَهُ","10:15:22"
"تلوته",1,"تَلَوْتُهُ","10:16:6"
"ادريكم",1,"اَدْرٰيكُمْ","10:16:9"
"اتنبؤ࣒ن",1,"اَتُنَبِّؤُ࣒نَ","10:18:16"
"انجيهم",1,"اَنْجٰيهُمْ","10:23:2"
"بريؤ࣒ن",1,"بَرٖٓيؤُ࣒نَ","10:41:9"
"ويستنبؤ࣒نك",1,"وَيَسْتَنْبِؤُ࣒نَكَ","10:53:1"
"لافتدت",1,"لَافْتَدَتْ","10:54:9"
"بفضل",1,"بِفَضْلِ","10:58:2"
"وبرحمته",1,"وَبِرَحْمَتِهٖ","10:58:4"
"فبذلك",1,"فَبِذٰلِكَ","10:58:5"
"فليفرحوا",1,"فَلْيَفْرَحُواؕ","10:58:6"
"فجعلتم",1,"فَجَعَلْتُمْ","10:59:9"
"عند‌كم",1,"عِنْدَ‌كُمْ","10:68:16"
"نذيقهم",1,"نُذٖيقُهُمُ","10:70:8"
"وتذكيرى",1,"وَتَذْكٖيرٖي","10:71:15"
"وشركاءكم",1,"وَشُرَكَٓاءَكُمْ","10:71:23"
"غمة",1,"غُمَّةً","10:71:29"
"اقضوا",1,"اقْضُٓوا","10:71:31"
"ولاتنظرون",1,"وَلَاتُنْظِرُونِ","10:71:33"
"نطبع",1,"نَطْبَعُ","10:74:19"
"اسحر",1,"اَسِحْرٌ","10:77:7"
"لساحرون",1,"السَّاحِرُونَ","10:77:11"
"لتلفتنا",1,"لِتَلْفِتَنَا","10:78:3"
"سيبطله",1,"سَيُبْطِلُهُؕ","10:81:11"
"لموسى",1,"لِمُوسٰٓى","10:83:3"
"وملائهم",1,"وَمَلَا࣑ئِهِمْ","10:83:12"
"يفتنهم",1,"يَفْتِنَهُمْؕ","10:83:14"
"توكلوا",1,"تَوَكَّلُٓوا","10:84:10"
"كنتممسلمين",1,"كُنْتُمْمُسْلِمٖينَ","10:84:12"
"ونجنا",1,"وَنَجِّنَا","10:86:1"
"لقومكما",1,"لِقَوْمِكُمَا","10:87:7"
"بمصر",1,"بِمِصْرَ","10:87:8"
"وملاه",1,"وَمَلَاَهُ","10:88:7"
"اطمس",1,"اطْمِسْ","10:88:18"
"واشدد",1,"وَاشْدُدْ","10:88:21"
"اجيبت",1,"اُجٖيبَتْ","10:89:3"
"فاستقيما",1,"فَاسْتَقٖيمَا","10:89:5"
"تتبعان",1,"تَتَّبِعَٓانِّ","10:89:7"
"ادركه",1,"اَدْرَكَهُ","10:90:12"
"لغرق",1,"الْغَرَقُۙ","10:90:13"
"ننجيك",1,"نُنَجّٖيكَ","10:92:2"
"ببدنك",1,"بِبَدَنِكَ","10:92:3"
"خلفك",1,"خَلْفَكَ","10:92:6"
"مبوا",1,"مُبَوَّاَ","10:93:5"
"فنفعها",1,"فَنَفَعَهَٓا","10:98:5"
"ومتعناهم",1,"وَمَتَّعْنَاهُمْ","10:98:19"
"تكره",1,"تُكْرِهُ","10:99:11"
"والنذر",1,"وَالنُّذُرُ","10:101:10"
"ينتظرون",1,"يَنْتَظِرُونَ","10:102:2"
"ننج",1,"نُنْجِ","10:103:9"
"ينفعك",1,"يَنْفَعُكَ","10:106:8"
"يضرك",1,"يَضُرُّكَۚ","10:106:10"
"يردك",1,"يُرِدْكَ","10:107:11"
"راد",1,"رَٓادَّ","10:107:14"
"لفضله",1,"لِفَضْلِهٖؕ","10:107:15"
"يصيب",1,"يُصٖيبُ","10:107:16"
"يحبسه",1,"يَحْبِسُهُؕ","11:8:10"
"ليؤ࣒س",1,"لَيَؤُ࣒سٌ","11:9:10"
"موعده",1,"مَوْعِدُهُۚ","11:17:25"
"لهاكارهون",1,"لَهَاكَارِهُونَ","11:28:19"
"قوماتجهلون",1,"قَوْمًاتَجْهَلُونَ","11:29:22"
"افلاتذكرون",1,"اَفَلَاتَذَكَّرُونَ","11:30:9"
"منالصادقين",1,"مِنَالصَّادِقٖينَ","11:32:13"
"مجريها",1,"مَجْرٰ۪يهَا","11:41:6"
"ومرسيها",1,"وَمُرْسٰيهَاؕ","11:41:7"
"ابنه",1,"ابْنَهُ","11:42:9"
"معالكافرين",1,"مَعَالْكَافِرٖينَ","11:42:19"
"للقومالظالمين",1,"لِلْقَوْمِالظَّالِمٖينَ","11:44:17"
"منالجاهلين",1,"مِنَالْجَاهِلٖينَ","11:46:23"
"لامفترون",1,"اِلَّامُفْتَرُونَ","11:50:17"
"افلاتعقلون",1,"اَفَلَاتَعْقِلُونَ","11:51:13"
"ويزدكم",1,"وَيَزِدْكُمْ","11:52:12"
"قوتكم",1,"قُوَّتِكُمْ","11:52:15"
"تتولوامجرمين",1,"تَتَوَلَّوْامُجْرِمٖينَ","11:52:17"
"بتاركى",1,"بِتَارِكٖٓي","11:53:9"
"قولك",1,"قَوْلِكَ","11:53:12"
"لكبمؤمنين",1,"لَكَبِمُؤْمِنٖينَ","11:53:15"
"اعتريك",1,"اعْتَرٰيكَ","11:54:4"
"فكيدونى",1,"فَكٖيدُونٖي","11:55:3"
"بناصيتها",1,"بِنَاصِيَتِهَاؕ","11:56:13"
"تضرونه",1,"تَضُرُّونَهُ","11:57:14"
"ونجيناهم",1,"وَنَجَّيْنَاهُمْ","11:58:11"
"جحدوا",1,"جَحَدُوا","11:59:3"
"لعاد",1,"لِعَادٍ","11:60:15"
"واستعمركم",1,"وَاسْتَعْمَرَكُمْ","11:61:19"
"فاستغفروه",1,"فَاسْتَغْفِرُوهُ","11:61:21"
"قريبمجيب",1,"قَرٖيبٌمُجٖيبٌ","11:61:27"
"مرجوا",1,"مَرْجُوًّا","11:62:7"
"اتنهينا",1,"اَتَنْهٰينَٓا","11:62:10"
"واننا",1,"وَاِنَّنَا","11:62:16"
"ليهمريب",1,"اِلَيْهِمُرٖيبٍ","11:62:21"
"عصيته",1,"عَصَيْتُهُ","11:63:19"
"تزيدوننى",1,"تَزٖيدُونَنٖي","11:63:21"
"غيرتخسير",1,"غَيْرَتَخْسٖيرٍ","11:63:22"
"عذابقريب",1,"عَذَابٌقَرٖيبٌ","11:64:17"
"داركم",1,"دَارِكُمْ","11:65:5"
"مكذوب",1,"مَكْذُوبٍ","11:65:11"
"لثمود",1,"لِثَمُودَࣖ","11:68:12"
"لبث",1,"لَبِثَ","11:69:11"
"حنيذ",1,"حَنٖيذٍ","11:69:15"
"نكرهم",1,"نَكِرَهُمْ","11:70:7"
"واوجس",1,"وَاَوْجَسَ","11:70:8"
"فضحكت",1,"فَضَحِكَتْ","11:71:3"
"فبشرناها",1,"فَبَشَّرْنَاهَا","11:71:4"
"ءالد",1,"ءَاَلِدُ","11:72:4"
"بعلى",1,"بَعْلٖي","11:72:8"
"لشيءعجيب",1,"لَشَيْءٌعَجٖيبٌ","11:72:12"
"اتعجبين",1,"اَتَعْجَبٖينَ","11:73:2"
"وبركاته",1,"وَبَرَكَاتُهُ","11:73:8"
"لروع",1,"الرَّوْعُ","11:74:5"
"وجاءته",1,"وَجَٓاءَتْهُ","11:74:6"
"يجادلنا",1,"يُجَادِلُنَا","11:74:8"
"لحليم",1,"لَحَلٖيمٌ","11:75:3"
"اواه",1,"اَوَّاهٌ","11:75:4"
"مردود",1,"مَرْدُودٍ","11:76:14"
"عصيب",1,"عَصٖيبٌ","11:77:13"
"وجاءه",1,"وَجَٓاءَهُ","11:78:1"
"رجلرشيد",1,"رَجُلٌرَشٖيدٌ","11:78:26"
"بناتك",1,"بَنَاتِكَ","11:79:7"
"لتعلم",1,"لَتَعْلَمُ","11:79:11"
"ركن",1,"رُكْنٍ","11:80:10"
"مصيبها",1,"مُصٖيبُهَا","11:81:22"
"لصبح",1,"الصُّبْحُؕ","11:81:27"
"لصبحبقريب",1,"الصُّبْحُبِقَرٖيبٍ","11:81:29"
"ببعيد",1,"بِبَعٖيدٍࣖ","11:83:8"
"تنقصوا",1,"تَنْقُصُوا","11:84:16"
"يوممحيط",1,"يَوْمٍمُحٖيطٍ","11:84:26"
"بقيت",1,"بَقِيَّتُ","11:86:1"
"اصلوتك",1,"اَصَلٰوتُكَ","11:87:4"
"تامرك",1,"تَاْمُرُكَ","11:87:5"
"نترك",1,"نَتْرُكَ","11:87:7"
"نشؤا",1,"نَشٰٓؤُ࣑اؕ","11:87:17"
"لحليمالرشيد",1,"الْحَلٖيمُالرَّشٖيدُ","11:87:20"
"ورزقنى",1,"وَرَزَقَنٖي","11:88:11"
"اخالفكم",1,"اُخَالِفَكُمْ","11:88:18"
"انهيكم",1,"اَنْهٰيكُمْ","11:88:21"
"توفيقى",1,"تَوْفٖيقٖٓي","11:88:30"
"واليهانيب",1,"وَاِلَيْهِاُنٖيبُ","11:88:35"
"شقاقى",1,"شِقَاقٖٓي","11:89:5"
"منكمببعيد",1,"مِنْكُمْبِبَعٖيدٍ","11:89:22"
"ودود",1,"وَدُودٌ","11:90:9"
"نفقه",1,"نَفْقَهُ࣑","11:91:5"
"رهطك",1,"رَهْطُكَ","11:91:14"
"علينابعزيز",1,"عَلَيْنَابِعَزٖيزٍ","11:91:18"
"ارهطى",1,"اَرَهْطٖٓي","11:92:4"
"اعز",1,"اَعَزُّ","11:92:5"
"واتخذتموه",1,"وَاتَّخَذْتُمُوهُ","11:92:9"
"ظهريا",1,"ظِهْرِيًّاؕ","11:92:11"
"تعملونمحيط",1,"تَعْمَلُونَمُحٖيطٌ","11:92:15"
"وارتقبوا",1,"وَارْتَقِبُٓوا","11:93:17"
"معكمرقيب",1,"مَعَكُمْرَقٖيبٌ","11:93:19"
"واخذت",1,"وَاَخَذَتِ","11:94:11"
"لمدين",1,"لِمَدْيَنَ","11:95:7"
"برشيد",1,"بِرَشٖيدٍ","11:97:10"
"يقدم",1,"يَقْدُمُ","11:98:1"
"فاوردهم",1,"فَاَوْرَدَهُمُ","11:98:5"
"لورد",1,"الْوِرْدُ","11:98:8"
"لمورود",1,"الْمَوْرُودُ","11:98:9"
"لرفد",1,"الرِّفْدُ","11:99:8"
"لمرفود",1,"الْمَرْفُودُ","11:99:9"
"نقصه",1,"نَقُصُّهُ","11:100:5"
"وحصيد",1,"وَحَصٖيدٌ","11:100:9"
"اغنت",1,"اَغْنَتْ","11:101:7"
"زادوهم",1,"زَادُوهُمْ","11:101:22"
"تتبيب",1,"تَتْبٖيبٍ","11:101:24"
"اخذه",1,"اَخْذَهُٓ","11:102:10"
"مجموع",1,"مَجْمُوعٌۙ","11:103:11"
"مشهود",1,"مَشْهُودٌ","11:103:16"
"نؤخره",1,"نُؤَخِّرُهُٓ","11:104:2"
"معدود",1,"مَعْدُودٍؕ","11:104:5"
"شقى",1,"شَقِيٌّ","11:105:9"
"وسعيد",1,"وَسَعٖيدٌ","11:105:10"
"وشهيق",1,"وَشَهٖيقٌۙ","11:106:9"
"سعدوا",1,"سُعِدُوا","11:108:3"
"مجذوذ",1,"مَجْذُوذٍ","11:108:18"
"لموفوهم",1,"لَمُوَفُّوهُمْ","11:109:17"
"منقوص",1,"مَنْقُوصٍࣖ","11:109:20"
"ليوفينهم",1,"لَيُوَفِّيَنَّهُمْ","11:111:4"
"فاستقم",1,"فَاسْتَقِمْ","11:112:1"
"تركنوا",1,"تَرْكَنُٓوا","11:113:2"
"فتمسكم",1,"فَتَمَسَّكُمُ","11:113:6"
"طرفى",1,"طَرَفَيِ","11:114:3"
"وزلفا",1,"وَزُلَفًا","11:114:5"
"لحسنات",1,"الْحَسَنَاتِ","11:114:9"
"للذاكرين",1,"لِلذَّاكِرٖينَۚ","11:114:14"
"اترفوا",1,"اُتْرِفُوا","11:116:23"
"لجعل",1,"لَجَعَلَ","11:118:4"
"مختلفين",1,"مُخْتَلِفٖينَۙ","11:118:10"
"ولذلك",1,"وَلِذٰلِكَ","11:119:5"
"نثبت",1,"نُثَبِّتُ","11:120:8"
"وجاءك",1,"وَجَٓاءَكَ","11:120:11"
"وانتظروا",1,"وَانْتَظِرُواۚ","11:122:1"
"واخوته",1,"وَاِخْوَتِهٖٓ","12:7:5"
"دلوه",1,"دَلْوَهُؕ","12:19:6"
"بمايعملون",1,"بِمَايَعْمَلُونَ","12:19:16"
"دراهم",1,"دَرَاهِمَ","12:20:4"
"لامراته",1,"لِامْرَاَتِهٖٓ","12:21:6"
"مثويه",1,"مَثْوٰيهُ","12:21:8"
"ولنعلمه",1,"وَلِنُعَلِّمَهُ","12:21:20"
"لنريها",1,"لَنَرٰيهَا","12:30:15"
"واتت",1,"وَاٰتَتْ","12:31:9"
"راينه",1,"رَاَيْنَهُٓ","12:31:18"
"اكبرنه",1,"اَكْبَرْنَهُ","12:31:19"
"ليسجننه",1,"لَيَسْجُنُنَّهُ","12:35:9"
"ترزقانه",1,"تُرْزَقَانِهٖٓ","12:37:5"
"اباءى",1,"اٰبَٓاءٖٓي","12:38:3"
"لواحدالقهار",1,"الْوَاحِدُالْقَهَّارُؕ","12:39:9"
"فيهتستفتيان",1,"فٖيهِتَسْتَفْتِيَانِؕ","12:41:19"
"فانسيه",1,"فَاَنْسٰيهُ","12:42:10"
"سنبله",1,"سُنْبُلِهٖٓ","12:47:10"
"خطبكن",1,"خَطْبُكُنَّ","12:51:3"
"راودتن",1,"رَاوَدْتُنَّ","12:51:5"
"حصحص",1,"حَصْحَصَ","12:51:21"
"اخنه",1,"اَخُنْهُ","12:52:5"
"ابرئ",1,"اُبَرِّئُ","12:53:2"
"لامارة",1,"لَاَمَّارَةٌ","12:53:6"
"استخلصه",1,"اَسْتَخْلِصْهُ","12:54:5"
"كلمه",1,"كَلَّمَهُ","12:54:8"
"يتبوا",1,"يَتَبَوَّاُ","12:56:6"
"برحمتنا",1,"بِرَحْمَتِنَا","12:56:11"
"فعرفهم",1,"فَعَرَفَهُمْ","12:58:6"
"باخ",1,"بِاَخٍ","12:59:6"
"او࣒فى",1,"اُو࣒فِي","12:59:13"
"تاتونى",1,"تَاْتُونٖي","12:60:3"
"تقربون",1,"تَقْرَبُونِ","12:60:10"
"سنراود",1,"سَنُرَاوِدُ","12:61:2"
"اباه",1,"اَبَاهُ","12:61:4"
"لفاعلون",1,"لَفَاعِلُونَ","12:61:6"
"لفتيانه",1,"لِفِتْيَانِهِ","12:62:2"
"اجعلوا",1,"اجْعَلُوا","12:62:3"
"رحالهم",1,"رِحَالِهِمْ","12:62:6"
"يعرفونها",1,"يَعْرِفُونَهَٓا","12:62:8"
"ابيهم",1,"اَبٖيهِمْ","12:63:4"
"نكتل",1,"نَكْتَلْ","12:63:13"
"امنكم",1,"اٰمَنُكُمْ","12:64:3"
"حافظا",1,"حَافِظًاࣕ","12:64:14"
"فتحوا",1,"فَتَحُوا","12:65:2"
"متاعهم",1,"مَتَاعَهُمْ","12:65:3"
"وجدوا",1,"وَجَدُوا","12:65:4"
"نبغى",1,"نَبْغٖيؕ","12:65:11"
"بضاعتنا",1,"بِضَاعَتُنَا","12:65:13"
"ونمير",1,"وَنَمٖيرُ","12:65:16"
"ونحفظ",1,"وَنَحْفَظُ","12:65:18"
"ونزداد",1,"وَنَزْدَادُ","12:65:20"
"تؤتون",1,"تُؤْتُونِ","12:66:6"
"لتاتننى",1,"لَتَاْتُنَّنٖي","12:66:10"
"يحاط",1,"يُحَاطَ","12:66:14"
"موثقهم",1,"مَوْثِقَهُمْ","12:66:18"
"متفرقة",1,"مُتَفَرِّقَةٍؕ","12:67:12"
"فليتوكلالمتوكلون",1,"فَلْيَتَوَكَّلِالْمُتَوَكِّلُونَ","12:67:27"
"قضيها",1,"قَضٰيهَاؕ","12:68:20"
"اخوك",1,"اَخُوكَ","12:69:11"
"لسقاية",1,"السِّقَايَةَ","12:70:5"
"رحل",1,"رَحْلِ","12:70:7"
"ايتها",1,"اَيَّتُهَا","12:70:12"
"لسارقون",1,"لَسَارِقُونَ","12:70:15"
"واقبلوا",1,"وَاَقْبَلُوا","12:71:2"
"تفقدون",1,"تَفْقِدُونَ","12:71:5"
"نفقد",1,"نَفْقِدُ","12:72:2"
"صواع",1,"صُوَاعَ","12:72:3"
"لنفسد",1,"لِنُفْسِدَ","12:73:7"
"سارقين",1,"سَارِقٖينَ","12:73:12"
"رحله",1,"رَحْلِهٖ","12:75:6"
"فبدا",1,"فَبَدَاَ","12:76:1"
"باوعيتهم",1,"بِاَوْعِيَتِهِمْ","12:76:2"
"استخرجها",1,"اسْتَخْرَجَهَا","12:76:7"
"كدنا",1,"كِدْنَا","12:76:12"
"لياخذ",1,"لِيَاْخُذَ","12:76:16"
"وفوق",1,"وَفَوْقَ","12:76:29"
"يسرق",1,"يَسْرِقْ","12:77:3"
"فاسرها",1,"فَاَسَرَّهَا","12:77:10"
"يبدها",1,"يُبْدِهَا","12:77:15"
"احدنا",1,"اَحَدَنَا","12:78:10"
"ناخذ",1,"نَاْخُذَ","12:79:5"
"استيسوا",1,"اسْتَيْـَٔسُوا","12:80:2"
"خلصوا",1,"خَلَصُوا","12:80:4"
"اباكم",1,"اَبَاكُمْ","12:80:11"
"فرطتم",1,"فَرَّطْتُمْ","12:80:21"
"ابنك",1,"ابْنَكَ","12:81:7"
"والعير",1,"وَالْعٖيرَ","12:82:6"
"اقبلنا",1,"اَقْبَلْنَا","12:82:8"
"يااسفى",1,"يَٓااَسَفٰى","12:84:4"
"وابيضت",1,"وَابْيَضَّتْ","12:84:7"
"تفتؤا",1,"تَفْتَؤُ࣑ا","12:85:3"
"حرضا",1,"حَرَضًا","12:85:8"
"لهالكين",1,"الْهَالِكٖينَ","12:85:12"
"اشكوا",1,"اَشْكُوا","12:86:3"
"بثى",1,"بَثّٖي","12:86:4"
"وحزنى",1,"وَحُزْنٖٓي","12:86:5"
"فتحسسوا",1,"فَتَحَسَّسُوا","12:87:4"
"تايسوا",1,"تَايْــَٔسُوا","12:87:9"
"لقومالكافرون",1,"الْقَوْمُالْكَافِرُونَ","12:87:20"
"واهلنا",1,"وَاَهْلَنَا","12:88:8"
"ببضاعة",1,"بِبِضَاعَةٍ","12:88:11"
"مزجية",1,"مُزْجٰيةٍ","12:88:12"
"فاوف",1,"فَاَوْفِ","12:88:13"
"وتصدق",1,"وَتَصَدَّقْ","12:88:16"
"لمتصدقين",1,"الْمُتَصَدِّقٖينَ","12:88:21"
"بيوسف",1,"بِيُوسُفَ","12:89:6"
"جاهلون",1,"جَاهِلُونَ","12:89:10"
"ءانك",1,"ءَاِنَّكَ","12:90:2"
"ويصبر",1,"وَيَصْبِرْ","12:90:17"
"اثرك",1,"اٰثَرَكَ","12:91:4"
"تثريب",1,"تَثْرٖيبَ","12:92:3"
"بقميصى",1,"بِقَمٖيصٖي","12:93:2"
"باهلكم",1,"بِاَهْلِكُمْ","12:93:11"
"لاجد",1,"لَاَجِدُ","12:94:7"
"تفندون",1,"تُفَنِّدُونِ","12:94:12"
"ضلالك",1,"ضَلَالِكَ","12:95:5"
"لبشير",1,"الْبَشٖيرُ","12:96:4"
"لقيه",1,"اَلْقٰيهُ","12:96:5"
"فارتد",1,"فَارْتَدَّ","12:96:8"
"وخروا",1,"وَخَرُّوا","12:100:5"
"اخرجنى",1,"اَخْرَجَنٖي","12:100:23"
"لبدو",1,"الْبَدْوِ","12:100:29"
"اخوتى",1,"اِخْوَتٖيؕ","12:100:37"
"اتيتنى",1,"اٰتَيْتَنٖي","12:101:3"
"وعلمتنى",1,"وَعَلَّمْتَنٖي","12:101:6"
"توفنى",1,"تَوَفَّنٖي","12:101:18"
"اجمعوا",1,"اَجْمَعُٓوا","12:102:11"
"حرصت",1,"حَرَصْتَ","12:103:5"
"يمرون",1,"يَمُرُّونَ","12:105:7"
"غاشية",1,"غَاشِيَةٌ","12:107:4"
"اتبعنى",1,"اتَّبَعَنٖيؕ","12:108:11"
"استيس",1,"اسْتَيْـَٔسَ","12:110:3"
"فنجى",1,"فَنُجِّيَ","12:110:11"
"قصصهم",1,"قَصَصِهِمْ","12:111:4"
"عبرة",1,"عِبْرَةٌ","12:111:5"
"يحفظونه",1,"يَحْفَظُونَهُ","13:11:8"
"خيفته",1,"خٖيفَتِهٖۚ","13:13:6"
"ببالغه",1,"بِبَالِغِهٖؕ","13:14:21"
"كخلقه",1,"كَخَلْقِهٖ","13:16:34"
"تنبؤ࣒نه",1,"تُنَبِّؤُ࣒نَهُ","13:33:15"
"لحكمه",1,"لِحُكْمِهٖؕ","13:41:13"
"بايام",1,"بِاَيَّامِ","14:5:13"
"انجيكم",1,"اَنْجٰيكُمْ","14:6:10"
"اذيتمونا",1,"اٰذَيْتُمُونَاؕ","14:12:13"
"يتجرعه",1,"يَتَجَرَّعُهُ","14:17:1"
"يسيغه",1,"يُسٖيغُهُ","14:17:4"
"وليعلموا",1,"وَلِيَعْلَمُٓوا","14:52:6"
"وليذكر",1,"وَلِيَذَّكَّرَ","14:52:11"
"لوما",1,"لَوْمَا","15:7:1"
"نسلكه",1,"نَسْلُكُهُ","15:12:2"
"خزائنه",1,"خَزَٓائِنُهُؗ","15:21:6"
"ننزله",1,"نُنَزِّلُهُٓ","15:21:8"
"خلقته",1,"خَلَقْتَهُ","15:33:6"
"نبئ",1,"نَبِّئْ","15:49:1"
"وجلون",1,"وَجِلُونَ","15:52:9"
"توجل",1,"تَوْجَلْ","15:53:3"
"ابشرتمونى",1,"اَبَشَّرْتُمُونٖي","15:54:2"
"تبشرون",1,"تُبَشِّرُونَ","15:54:8"
"بشرناك",1,"بَشَّرْنَاكَ","15:55:2"
"لقانطين",1,"الْقَانِطٖينَ","15:55:7"
"يقنط",1,"يَقْنَطُ","15:56:3"
"لمنجوهم",1,"لَمُنَجُّوهُمْ","15:59:5"
"واتيناك",1,"وَاَتَيْنَاكَ","15:64:1"
"وامضوا",1,"وَامْضُوا","15:65:12"
"مقطوع",1,"مَقْطُوعٌ","15:66:8"
"تفضحون",1,"تَفْضَحُونِۙ","15:68:6"
"ننهك",1,"نَنْهَكَ","15:70:3"
"لعمرك",1,"لَعَمْرُكَ","15:72:1"
"سكرتهم",1,"سَكْرَتِهِمْ","15:72:4"
"فجعلنا",1,"فَجَعَلْنَا","15:74:1"
"للمتوسمين",1,"لِلْمُتَوَسِّمٖينَ","15:75:5"
"لبسبيل",1,"لَبِسَبٖيلٍ","15:76:2"
"لبامام",1,"لَبِاِمَامٍ","15:79:4"
"ينحتون",1,"يَنْحِتُونَ","15:82:2"
"لصفح",1,"الصَّفْحَ","15:85:13"
"لجميل",1,"الْجَمٖيلَ","15:85:14"
"لمثانى",1,"الْمَثَانٖي","15:87:5"
"لمقتسمين",1,"الْمُقْتَسِمٖينَۙ","15:90:4"
"عضين",1,"عِضٖينَ","15:91:4"
"لنسلنهم",1,"لَنَسْـَٔلَنَّهُمْ","15:92:2"
"فاصدع",1,"فَاصْدَعْ","15:94:1"
"كفيناك",1,"كَفَيْنَاكَ","15:95:2"
"لمستهزءين",1,"الْمُسْتَهْزِءٖينَۙ","15:95:3"
"يضيق",1,"يَضٖيقُ","15:97:4"
"واعبد",1,"وَاعْبُدْ","15:99:1"
"ياتيك",1,"يَاْتِيَكَ","15:99:4"
"فاياى",1,"فَاِيَّايَ","16:51:11"
"فاليه",1,"فَاِلَيْهِ","16:53:11"
"تجرون",1,"تَجْــَٔرُونَۚ","16:53:12"
"يتوارى",1,"يَتَوَارٰى","16:59:1"
"ايمسكه",1,"اَيُمْسِكُهُ","16:59:9"
"هون",1,"هُونٍ","16:59:11"
"يدسه",1,"يَدُسُّهُ","16:59:13"
"لتراب",1,"التُّرَابِؕ","16:59:15"
"يكرهون",1,"يَكْرَهُونَ","16:62:4"
"وتصف",1,"وَتَصِفُ","16:62:5"
"مفرطون",1,"مُفْرَطُونَ","16:62:17"
"فزين",1,"فَزَيَّنَ","16:63:8"
"فرث",1,"فَرْثٍ","16:66:12"
"ودم",1,"وَدَمٍ","16:66:13"
"خالصا",1,"خَالِصًا","16:66:15"
"لنخيل",1,"النَّخٖيلِ","16:67:3"
"سكرا",1,"سَكَرًا","16:67:7"
"لنحل",1,"النَّحْلِ","16:68:4"
"اتخذى",1,"اتَّخِذٖي","16:68:6"
"كلى",1,"كُلٖي","16:69:2"
"فاسلكى",1,"فَاسْلُكٖي","16:69:6"
"ذللا",1,"ذُلُلًاؕ","16:69:9"
"برادى",1,"بِرَٓادّٖي","16:71:11"
"افبنعمة",1,"اَفَبِنِعْمَةِ","16:71:20"
"وحفدة",1,"وَحَفَدَةً","16:72:12"
"وبنعمت",1,"وَبِنِعْمَتِ","16:72:18"
"تضربوا",1,"تَضْرِبُوا","16:74:2"
"مملوكا",1,"مَمْلُوكًا","16:75:5"
"رزقناه",1,"رَزَقْنَاهُ","16:75:11"
"وجهرا",1,"وَجَهْرًاؕ","16:75:19"
"ابكم",1,"اَبْكَمُ","16:76:6"
"يوجهه",1,"يُوَجِّهْهُ","16:76:16"
"جو",1,"جَوِّ","16:79:7"
"تستخفونها",1,"تَسْتَخِفُّونَهَا","16:80:13"
"ظعنكم",1,"ظَعْنِكُمْ","16:80:15"
"اقامتكم",1,"اِقَامَتِكُمْۙ","16:80:17"
"اصوافها",1,"اَصْوَافِهَا","16:80:19"
"واوبارها",1,"وَاَوْبَارِهَا","16:80:20"
"واشعارها",1,"وَاَشْعَارِهَٓا","16:80:21"
"اكنانا",1,"اَكْنَانًا","16:81:11"
"سرابيل",1,"سَرَابٖيلَ","16:81:14"
"وسرابيل",1,"وَسَرَابٖيلَ","16:81:17"
"تسلمون",1,"تُسْلِمُونَ","16:81:25"
"ينكرونها",1,"يُنْكِرُونَهَا","16:83:5"
"شركاءهم",1,"شُرَكَٓاءَهُمْ","16:86:5"
"شركاؤنا",1,"شُرَكَٓاؤُ࣑نَا","16:86:9"
"والاحسان",1,"وَالْاِحْسَانِ","16:90:5"
"وايتائ",1,"وَاٖيتَٓائِ","16:90:6"
"وينهى",1,"وَيَنْهٰى","16:90:9"
"تنقضوا",1,"تَنْقُضُوا","16:91:7"
"توكيدها",1,"تَوْكٖيدِهَا","16:91:10"
"جعلتم",1,"جَعَلْتُمُ","16:91:12"
"كفيلا",1,"كَفٖيلًاؕ","16:91:15"
"كالتى",1,"كَالَّتٖي","16:92:3"
"نقضت",1,"نَقَضَتْ","16:92:4"
"غزلها",1,"غَزْلَهَا","16:92:5"
"انكاثا",1,"اَنْكَاثًاؕ","16:92:9"
"اربى",1,"اَرْبٰى","16:92:18"
"يبلوكم",1,"يَبْلُوكُمُ","16:92:22"
"وليبينن",1,"وَلَيُبَيِّنَنَّ","16:92:25"
"ولتسلن",1,"وَلَتُسْـَٔلُنَّ","16:93:14"
"فتزل",1,"فَتَزِلَّ","16:94:6"
"ثبوتها",1,"ثُبُوتِهَا","16:94:9"
"وتذوقوا",1,"وَتَذُوقُوا","16:94:10"
"صددتم",1,"صَدَدْتُمْ","16:94:13"
"ينفد",1,"يَنْفَدُ","16:96:3"
"باق",1,"بَاقٍؕ","16:96:7"
"ولنجزين",1,"وَلَنَجْزِيَنَّ","16:96:8"
"فلنحيينه",1,"فَلَنُحْيِيَنَّهُ","16:97:10"
"سلطانه",1,"سُلْطَانُهُ","16:100:2"
"يتولونه",1,"يَتَوَلَّوْنَهُ","16:100:5"
"مفتر",1,"مُفْتَرٍؕ","16:101:13"
"ليثبت",1,"لِيُثَبِّتَ","16:102:8"
"اعجمى",1,"اَعْجَمِيٌّ","16:103:12"
"اكره",1,"اُكْرِهَ","16:106:9"
"مطمئن",1,"مُطْمَئِنٌّ","16:106:11"
"صدرا",1,"صَدْرًا","16:106:17"
"فعليهم",1,"فَعَلَيْهِمْ","16:106:18"
"وسمعهم",1,"وَسَمْعِهِمْ","16:108:7"
"وتوفى",1,"وَتُوَفّٰى","16:111:8"
"مطمئنة",1,"مُطْمَئِنَّةً","16:112:7"
"فكفرت",1,"فَكَفَرَتْ","16:112:14"
"بانعم",1,"بِاَنْعُمِ","16:112:15"
"فاذاقها",1,"فَاَذَاقَهَا","16:112:17"
"لجوع",1,"الْجُوعِ","16:112:20"
"والخوف",1,"وَالْخَوْفِ","16:112:21"
"تصف",1,"تَصِفُ","16:116:4"
"حلال",1,"حَلَالٌ","16:116:8"
"لتفتروا",1,"لِتَفْتَرُوا","16:116:11"
"لانعمه",1,"لِاَنْعُمِهِؕ","16:121:2"
"وهديه",1,"وَهَدٰيهُ","16:121:4"
"والموعظة",1,"وَالْمَوْعِظَةِ","16:125:6"
"وجادلهم",1,"وَجَادِلْهُمْ","16:125:8"
"عاقبتم",1,"عَاقَبْتُمْ","16:126:2"
"فعاقبوا",1,"فَعَاقِبُوا","16:126:3"
"عوقبتم",1,"عُوقِبْتُمْ","16:126:6"
"للصابرين",1,"لِلصَّابِرٖينَ","16:126:12"
"صبرك",1,"صَبْرُكَ","16:127:3"
"محسنون",1,"مُحْسِنُونَ","16:128:8"
"بعبده",1,"بِعَبْدِهٖ","17:1:4"
"لنريه",1,"لِنُرِيَهُ","17:1:15"
"او࣒ليهما",1,"اُو࣒لٰيهُمَا","17:5:4"
"ليسؤ࣒ا",1,"لِيَسُٓؤُ࣒ا","17:7:12"
"دعاءه",1,"دُعَٓاءَهُ","17:11:4"
"ايتين",1,"اٰيَتَيْنِ","17:12:4"
"طائره",1,"طَٓائِرَهُ","17:13:4"
"عنقه",1,"عُنُقِهٖؕ","17:13:6"
"يلقيه",1,"يَلْقٰيهُ","17:13:12"
"وات",1,"وَاٰتِ","17:26:1"
"اخوان",1,"اِخْوَانَ","17:27:4"
"سيئه",1,"سَيِّئُهُ","17:38:4"
"افاصفيكم",1,"اَفَاَصْفٰيكُمْ","17:40:1"
"يكبر",1,"يَكْبُرُ","17:51:4"
"يعيدنا",1,"يُعٖيدُنَاؕ","17:51:9"
"فطركم",1,"فَطَرَكُمْ","17:51:12"
"فسينغضون",1,"فَسَيُنْغِضُونَ","17:51:15"
"فتستجيبون",1,"فَتَسْتَجٖيبُونَ","17:52:3"
"ينزغ",1,"يَنْزَغُ","17:53:9"
"ويرجون",1,"وَيَرْجُونَ","17:57:10"
"محذورا",1,"مَحْذُورًا","17:57:18"
"مهلكوها",1,"مُهْلِكُوهَا","17:58:6"
"معذبوها",1,"مُعَذِّبُوهَا","17:58:11"
"منعنا",1,"مَنَعَنَٓا","17:59:2"
"تخويفا",1,"تَخْوٖيفًا","17:59:21"
"اريناك",1,"اَرَيْنَاكَ","17:60:12"
"والشجرة",1,"وَالشَّجَرَةَ","17:60:16"
"لملعونة",1,"الْمَلْعُونَةَ","17:60:17"
"ونخوفهم",1,"وَنُخَوِّفُهُمْۙ","17:60:20"
"ءاسجد",1,"ءَاَسْجُدُ","17:61:10"
"ارايتك",1,"اَرَاَيْتَكَ","17:62:2"
"كرمت",1,"كَرَّمْتَ","17:62:5"
"اخرتن",1,"اَخَّرْتَنِ","17:62:8"
"لاحتنكن",1,"لَاَحْتَنِكَنَّ","17:62:12"
"جزاؤكم",1,"جَزَٓاؤُ࣑كُمْ","17:63:8"
"موفورا",1,"مَوْفُورًا","17:63:10"
"واستفزز",1,"وَاسْتَفْزِزْ","17:64:1"
"بصوتك",1,"بِصَوْتِكَ","17:64:5"
"واجلب",1,"وَاَجْلِبْ","17:64:6"
"بخيلك",1,"بِخَيْلِكَ","17:64:8"
"ورجلك",1,"وَرَجِلِكَ","17:64:9"
"وشاركهم",1,"وَشَارِكْهُمْ","17:64:10"
"نجيكم",1,"نَجّٰيكُمْ","17:67:12"
"اعرضتم",1,"اَعْرَضْتُمْؕ","17:67:15"
"افامنتم",1,"اَفَاَمِنْتُمْ","17:68:1"
"فيرسل",1,"فَيُرْسِلَ","17:69:8"
"قاصفا",1,"قَاصِفًا","17:69:10"
"فيغرقكم",1,"فَيُغْرِقَكُمْ","17:69:13"
"تبيعا",1,"تَبٖيعًا","17:69:22"
"كرمنا",1,"كَرَّمْنَا","17:70:2"
"وحملناهم",1,"وَحَمَلْنَاهُمْ","17:70:5"
"بامامهم",1,"بِاِمَامِهِمْۚ","17:71:5"
"كتابهم",1,"كِتَابَهُمْ","17:71:12"
"ليفتنونك",1,"لَيَفْتِنُونَكَ","17:73:3"
"لتفترى",1,"لِتَفْتَرِيَ","17:73:8"
"لاتخذوك",1,"لَاتَّخَذُوكَ","17:73:12"
"ثبتناك",1,"ثَبَّتْنَاكَ","17:74:3"
"لاذقناك",1,"لَاَذَقْنَاكَ","17:75:2"
"وضعف",1,"وَضِعْفَ","17:75:5"
"لممات",1,"الْمَمَاتِ","17:75:6"
"ليستفزونك",1,"لَيَسْتَفِزُّونَكَ","17:76:3"
"ليخرجوك",1,"لِيُخْرِجُوكَ","17:76:6"
"يلبثون",1,"يَلْبَثُونَ","17:76:10"
"خلافك",1,"خِلَافَكَ","17:76:11"
"لسنتنا",1,"لِسُنَّتِنَا","17:77:10"
"لدلوك",1,"لِدُلُوكِ","17:78:3"
"مشهودا",1,"مَشْهُودًا","17:78:14"
"فتهجد",1,"فَتَهَجَّدْ","17:79:3"
"يبعثك",1,"يَبْعَثَكَ","17:79:9"
"محمودا",1,"مَحْمُودًا","17:79:12"
"ادخلنى",1,"اَدْخِلْنٖي","17:80:3"
"واخرجنى",1,"وَاَخْرِجْنٖي","17:80:6"
"وزهق",1,"وَزَهَقَ","17:81:4"
"زهوقا",1,"زَهُوقًا","17:81:9"
"وننزل",1,"وَنُنَزِّلُ","17:82:1"
"يؤ࣒سا",1,"يَؤُ࣒سًا","17:83:12"
"شاكلته",1,"شَاكِلَتِهٖؕ","17:84:5"
"فربكم",1,"فَرَبُّكُمْ","17:84:6"
"لنذهبن",1,"لَنَذْهَبَنَّ","17:86:3"
"اجتمعت",1,"اجْتَمَعَتِ","17:88:3"
"تفجر",1,"تَفْجُرَ","17:90:6"
"ينبوعا",1,"يَنْبُوعًاۙ","17:90:10"
"وعنب",1,"وَعِنَبٍ","17:91:7"
"فتفجر",1,"فَتُفَجِّرَ","17:91:8"
"زعمت",1,"زَعَمْتَ","17:92:5"
"قبيلا",1,"قَبٖيلًاۙ","17:92:12"
"ترقى",1,"تَرْقٰى","17:93:8"
"لرقيك",1,"لِرُقِيِّكَ","17:93:13"
"نقرؤه",1,"نَقْرَؤُ࣑هُؕ","17:93:18"
"مطمئنين",1,"مُطْمَئِنّٖينَ","17:95:8"
"لنزلنا",1,"لَنَزَّلْنَا","17:95:9"
"ونحشرهم",1,"وَنَحْشُرُهُمْ","17:97:14"
"عميا",1,"عُمْيًا","17:97:19"
"وصما",1,"وَصُمًّاؕ","17:97:21"
"خبت",1,"خَبَتْ","17:97:25"
"لامسكتم",1,"لَاَمْسَكْتُمْ","17:100:9"
"لانفاق",1,"الْاِنْفَاقِؕ","17:100:11"
"قتورا",1,"قَتُورًاࣖ","17:100:14"
"موسىمسحورا",1,"مُوسٰىمَسْحُورًا","17:101:18"
"فرعونمثبورا",1,"فِرْعَوْنُمَثْبُورًا","17:102:15"
"يستفزهم",1,"يَسْتَفِزَّهُمْ","17:103:3"
"فاغرقناه",1,"فَاَغْرَقْنَاهُ","17:103:6"
"لفيفا",1,"لَفٖيفًاؕ","17:104:14"
"فرقناه",1,"فَرَقْنَاهُ","17:106:2"
"لتقراه",1,"لِتَقْرَاَهُ","17:106:3"
"مكث",1,"مُكْثٍ","17:106:7"
"ونزلناه",1,"وَنَزَّلْنَاهُ","17:106:8"
"يخرون",1,"يَخِرُّونَ","17:107:16"
"لمفعولا",1,"لَمَفْعُولًا","17:108:8"
"ويخرون",1,"وَيَخِرُّونَ","17:109:1"
"خشوعا",1,"خُشُوعًا","17:109:5"
"ايا",1,"اَيًّا","17:110:7"
"بصلاتك",1,"بِصَلَاتِكَ","17:110:15"
"تخافت",1,"تُخَافِتْ","17:110:17"
"وكبره",1,"وَكَبِّرْهُ","17:111:20"
"تكبيرا",1,"تَكْبٖيرًا","17:111:21"
"فاو࣒ا",1,"فَاْوُ࣒ٓا","18:16:7"
"باسط",1,"بَاسِطٌ","18:18:11"
"لشايء",1,"لِشَايْءٍ","18:23:3"
"حكمه",1,"حُكْمِهٖٓ","18:26:22"
"جنته",1,"جَنَّتَهُ","18:35:2"
"صاحبه",1,"صَاحِبُهُ","18:37:3"
"سويك",1,"سَوّٰيكَ","18:37:15"
"بثمره",1,"بِثَمَرِهٖ","18:42:2"
"بربياحدا",1,"بِرَبّٖٓياَحَدًا","18:42:19"
"ويلتنا",1,"وَيْلَتَنَا","18:49:10"
"احصيها",1,"اَحْصٰيهَاۚ","18:49:20"
"ربكاحدا",1,"رَبُّكَاَحَدًاࣖ","18:49:27"
"افتتخذونه",1,"اَفَتَتَّخِذُونَهُ","18:50:16"
"اشهدتهم",1,"اَشْهَدْتُهُمْ","18:51:2"
"متخذ",1,"مُتَّخِذَ","18:51:11"
"لمضلين",1,"الْمُضِلّٖينَ","18:51:12"
"عضدا",1,"عَضُدًا","18:51:13"
"نادوا",1,"نَادُوا","18:52:3"
"موبقا",1,"مَوْبِقًا","18:52:13"
"ورا",1,"وَرَاَ","18:53:1"
"فظنوا",1,"فَظَنُّٓوا","18:53:4"
"مواقعوها",1,"مُوَاقِعُوهَا","18:53:6"
"مصرفا",1,"مَصْرِفًاࣖ","18:53:10"
"ويستغفروا",1,"وَيَسْتَغْفِرُوا","18:55:9"
"ويجادل",1,"وَيُجَادِلُ","18:56:7"
"تدعهم",1,"تَدْعُهُمْ","18:57:24"
"يؤاخذهم",1,"يُؤَاخِذُهُمْ","18:58:6"
"موئلا",1,"مَوْئِلًا","18:58:19"
"لمهلكهم",1,"لِمَهْلِكِهِمْ","18:59:7"
"امضى",1,"اَمْضِيَ","18:60:12"
"حقبا",1,"حُقُبًا","18:60:13"
"حوتهما",1,"حُوتَهُمَا","18:61:6"
"فاتخذ",1,"فَاتَّخَذَ","18:61:7"
"جاوزا",1,"جَاوَزَا","18:62:2"
"غداءنا",1,"غَدَٓاءَنَاؗ","18:62:6"
"لقينا",1,"لَقٖينَا","18:62:8"
"سفرنا",1,"سَفَرِنَا","18:62:10"
"اوينا",1,"اَوَيْنَٓا","18:63:4"
"لصخرة",1,"الصَّخْرَةِ","18:63:6"
"انسانيه",1,"اَنْسَانٖيهُ","18:63:11"
"اذكره",1,"اَذْكُرَهُۚ","18:63:15"
"نبغ",1,"نَبْغِࣗ","18:64:5"
"فارتدا",1,"فَارْتَدَّا","18:64:6"
"اثارهما",1,"اٰثَارِهِمَا","18:64:8"
"تعلمن",1,"تُعَلِّمَنِ","18:66:8"
"تصبر",1,"تَصْبِرُ","18:68:2"
"اعصى",1,"اَعْصٖي","18:69:8"
"اتبعتنى",1,"اتَّبَعْتَنٖي","18:70:3"
"تسلنى",1,"تَسْـَٔلْنٖي","18:70:5"
"احدث",1,"اُحْدِثَ","18:70:9"
"خرقها",1,"خَرَقَهَاؕ","18:71:7"
"اخرقتها",1,"اَخَرَقْتَهَا","18:71:9"
"لتغرق",1,"لِتُغْرِقَ","18:71:10"
"تؤاخذنى",1,"تُؤَاخِذْنٖي","18:73:3"
"ترهقنى",1,"تُرْهِقْنٖي","18:73:7"
"اقتلت",1,"اَقَتَلْتَ","18:74:8"
"زكية",1,"زَكِيَّةً","18:74:10"
"سالتك",1,"سَاَلْتُكَ","18:76:3"
"تصاحبنى",1,"تُصَاحِبْنٖيۚ","18:76:8"
"اتيا",1,"اَتَيَٓا","18:77:4"
"استطعما",1,"اسْتَطْعَمَٓا","18:77:7"
"فابوا",1,"فَاَبَوْا","18:77:9"
"يضيفوهما",1,"يُضَيِّفُوهُمَا","18:77:11"
"ينقض",1,"يَنْقَضَّ","18:77:17"
"فاقامه",1,"فَاَقَامَهُؕ","18:77:18"
"لتخذت",1,"لَتَّخَذْتَ","18:77:22"
"سانبئك",1,"سَاُنَبِّئُكَ","18:78:6"
"تستطع",1,"تَسْتَطِـعْ","18:78:10"
"فاردت",1,"فَاَرَدْتُ","18:79:8"
"اعيبها",1,"اَعٖيبَهَا","18:79:10"
"ياخذ",1,"يَاْخُذُ","18:79:14"
"سفينة",1,"سَفٖينَةٍ","18:79:16"
"غصبا",1,"غَصْبًا","18:79:17"
"لغلام",1,"الْغُلَامُ","18:80:2"
"فخشينا",1,"فَخَشٖينَٓا","18:80:6"
"يرهقهما",1,"يُرْهِقَهُمَا","18:80:8"
"فاردنا",1,"فَاَرَدْنَٓا","18:81:1"
"يبدلهما",1,"يُبْدِلَهُمَا","18:81:3"
"واقرب",1,"وَاَقْرَبَ","18:81:8"
"لجدار",1,"الْجِدَارُ","18:82:2"
"لغلامين",1,"لِغُلَامَيْنِ","18:82:4"
"يتيمين",1,"يَتٖيمَيْنِ","18:82:5"
"ابوهما",1,"اَبُوهُمَا","18:82:13"
"اشدهما",1,"اَشُدَّهُمَا","18:82:19"
"ويستخرجا",1,"وَيَسْتَخْرِجَا","18:82:20"
"كنزهما",1,"كَنْزَهُمَاࣗ","18:82:21"
"تسطع",1,"تَسْطِـعْ","18:82:33"
"ساتلوا",1,"سَاَتْلُوا","18:83:6"
"مغرب",1,"مَغْرِبَ","18:86:4"
"تغرب",1,"تَغْرُبُ","18:86:7"
"حمئة",1,"حَمِئَةٍ","18:86:10"
"تعذب",1,"تُعَذِّبَ","18:86:20"
"تتخذ",1,"تَتَّخِذَ","18:86:23"
"فيهمحسنا",1,"فٖيهِمْحُسْنًا","18:86:24"
"نعذبه",1,"نُعَذِّبُهُ","18:87:6"
"وسنقول",1,"وَسَنَقُولُ","18:88:9"
"سترا",1,"سِتْرًاۙ","18:90:15"
"احطنا",1,"اَحَطْنَا","18:91:3"
"لسدين",1,"السَّدَّيْنِ","18:93:5"
"مفسدون",1,"مُفْسِدُونَ","18:94:8"
"وبينهمسدا",1,"وَبَيْنَهُمْسَدًّا","18:94:19"
"مكنى",1,"مَكَّنّٖي","18:95:3"
"فاعينونى",1,"فَاَعٖينُونٖي","18:95:7"
"ردما",1,"رَدْمًاۙ","18:95:12"
"لصدفين",1,"الصَّدَفَيْنِ","18:96:8"
"انفخوا",1,"انْفُخُواؕ","18:96:10"
"قطرا",1,"قِطْرًاؕ","18:96:19"
"اسطاعوا",1,"اسْطَاعُٓوا","18:97:2"
"يظهروه",1,"يَظْهَرُوهُ","18:97:4"
"نقبا",1,"نَقْبًا","18:97:8"
"دكاء",1,"دَكَّٓاءَۚ","18:98:11"
"يموج",1,"يَمُوجُ","18:99:4"
"فجمعناهم",1,"فَجَمَعْنَاهُمْ","18:99:10"
"وعرضنا",1,"وَعَرَضْنَا","18:100:1"
"غطاء",1,"غِطَٓاءٍ","18:101:5"
"افحسب",1,"اَفَحَسِبَ","18:102:1"
"ننبئكم",1,"نُنَبِّئُكُمْ","18:103:3"
"بالاخسرين",1,"بِالْاَخْسَرٖينَ","18:103:4"
"يحسنون",1,"يُحْسِنُونَ","18:104:10"
"صنعا",1,"صُنْعًا","18:104:11"
"فحبطت",1,"فَحَبِطَتْ","18:105:7"
"نقيم",1,"نُقٖيمُ","18:105:10"
"وزنا",1,"وَزْنًا","18:105:14"
"حولا",1,"حِوَلًا","18:108:6"
"مدادا",1,"مِدَادًا","18:109:5"
"لنفد",1,"لَنَفِدَ","18:109:8"
"تنفد",1,"تَنْفَدَ","18:109:12"
"مددا",1,"مَدَدًا","18:109:18"
"بعبادة",1,"بِعِبَادَةِ","18:110:22"
"قبلسميا",1,"قَبْلُسَمِيًّا","19:7:12"
"لحكمصبيا",1,"الْحُكْمَصَبِيًّاۙ","19:12:7"
"ولنجعله",1,"وَلِنَجْعَلَهُٓ","19:21:8"
"فحملته",1,"فَحَمَلَتْهُ","19:22:1"
"نسيامنسيا",1,"نَسْيًامَنْسِيًّا","19:23:13"
"فناديها",1,"فَنَادٰيهَا","19:24:1"
"شيافريا",1,"شَيْـًٔافَرِيًّا","19:27:10"
"اتانى",1,"اٰتَانِيَ","19:30:5"
"لهتى",1,"اٰلِهَتٖي","19:46:5"
"وقربناه",1,"وَقَرَّبْنَاهُ","19:52:6"
"صادق",1,"صَادِقَ","19:54:7"
"مرضيا",1,"مَرْضِيًّا","19:55:9"
"ادريس",1,"اِدْرٖيسَؗ","19:56:4"
"ورفعناه",1,"وَرَفَعْنَاهُ","19:57:1"
"واسرايل",1,"وَاِسْرَٓائٖلَ","19:58:18"
"واجتبينا",1,"وَاجْتَبَيْنَاؕ","19:58:21"
"وبكيا",1,"وَبُكِيًّا","19:58:29"
"اضاعوا",1,"اَضَاعُوا","19:59:5"
"غيا",1,"غَيًّاۙ","19:59:11"
"ماتيا",1,"مَاْتِيًّا","19:61:11"
"نورث",1,"نُورِثُ","19:63:4"
"نتنزل",1,"نَتَنَزَّلُ","19:64:2"
"خلفنا",1,"خَلْفَنَا","19:64:11"
"لعبادته",1,"لِعِبَادَتِهٖؕ","19:65:8"
"لسوف",1,"لَسَوْفَ","19:66:6"
"لنحشرنهم",1,"لَنَحْشُرَنَّهُمْ","19:68:2"
"لنحضرنهم",1,"لَنُحْضِرَنَّهُمْ","19:68:5"
"لننزعن",1,"لَنَنْزِعَنَّ","19:69:2"
"شيعة",1,"شٖيعَةٍ","19:69:5"
"صليا",1,"صِلِيًّا","19:70:8"
"واردها",1,"وَارِدُهَاۚ","19:71:4"
"حتما",1,"حَتْمًا","19:71:8"
"نديا",1,"نَدِيًّا","19:73:16"
"ورءيا",1,"وَرِءْيًا","19:74:9"
"واضعف",1,"وَاَضْعَفُ","19:75:24"
"ويزيد",1,"وَيَزٖيدُ","19:76:1"
"مردا",1,"مَرَدًّا","19:76:13"
"لاو࣒تين",1,"لَاُو࣒تَيَنَّ","19:77:6"
"ونمد",1,"وَنَمُدُّ","19:79:5"
"ونرثه",1,"وَنَرِثُهُ","19:80:1"
"وياتينا",1,"وَيَاْتٖينَا","19:80:4"
"عزا",1,"عِزًّاۙ","19:81:8"
"سيكفرون",1,"سَيَكْفُرُونَ","19:82:2"
"ويكونون",1,"وَيَكُونُونَ","19:82:4"
"ضدا",1,"ضِدًّاࣖ","19:82:6"
"تؤزهم",1,"تَؤُزُّهُمْ","19:83:8"
"ازا",1,"اَزًّاۙ","19:83:9"
"وفدا",1,"وَفْدًاۙ","19:85:6"
"ونسوق",1,"وَنَسُوقُ","19:86:1"
"ادا",1,"اِدًّاۙ","19:89:4"
"وتنشق",1,"وَتَنْشَقُّ","19:90:5"
"وتخر",1,"وَتَخِرُّ","19:90:7"
"احصيهم",1,"اَحْصٰيهُمْ","19:94:2"
"وكلهم",1,"وَكُلُّهُمْ","19:95:1"
"لتبشر",1,"لِتُبَشِّرَ","19:97:4"
"تحس",1,"تُحِسُّ","19:98:7"
"ركزا",1,"رِكْزًا","19:98:14"
"فالقيها",1,"فَاَلْقٰيهَا","20:20:1"
"او࣒تيت",1,"اُو࣒تٖيتَ","20:36:3"
"يكفله",1,"يَكْفُلُهُؕ","20:40:9"
"ينسى",1,"يَنْسٰىؗ","20:52:11"
"وسلك",1,"وَسَلَكَ","20:53:6"
"وارعوا",1,"وَارْعَوْا","20:54:2"
"انعامكم",1,"اَنْعَامَكُمْؕ","20:54:3"
"نعيدكم",1,"نُعٖيدُكُمْ","20:55:4"
"اريناه",1,"اَرَيْنَاهُ","20:56:2"
"وابى",1,"وَاَبٰى","20:56:6"
"لتخرجنا",1,"لِتُخْرِجَنَا","20:57:3"
"بسحرك",1,"بِسِحْرِكَ","20:57:6"
"فلناتينك",1,"فَلَنَاْتِيَنَّكَ","20:58:1"
"نخلفه",1,"نُخْلِفُهُ","20:58:9"
"موعدكم",1,"مَوْعِدُكُمْ","20:59:2"
"لزينة",1,"الزّٖينَةِ","20:59:4"
"تفتروا",1,"تَفْتَرُوا","20:61:6"
"فيسحتكم",1,"فَيُسْحِتَكُمْ","20:61:10"
"فتنازعوا",1,"فَتَنَازَعُٓوا","20:62:1"
"لساحران",1,"لَسَاحِرَانِ","20:63:4"
"يريدان",1,"يُرٖيدَانِ","20:63:5"
"بسحرهما",1,"بِسِحْرِهِمَا","20:63:10"
"بطريقتكم",1,"بِطَرٖيقَتِكُمُ","20:63:12"
"لمثلى",1,"الْمُثْلٰى","20:63:13"
"كيدكم",1,"كَيْدَكُمْ","20:64:2"
"استعلى",1,"اسْتَعْلٰى","20:64:10"
"منالقى",1,"مَنْاَلْقٰى","20:65:11"
"يخيل",1,"يُخَيَّلُ","20:66:7"
"سحرهم",1,"سِحْرِهِمْ","20:66:10"
"فلاقطعن",1,"فَلَاُقَطِّعَنَّ","20:71:13"
"جذوع",1,"جُذُوعِ","20:71:20"
"اينا",1,"اَيُّنَٓا","20:71:23"
"نؤثرك",1,"نُؤْثِرَكَ","20:72:3"
"فطرنا",1,"فَطَرَنَا","20:72:10"
"فاقض",1,"فَاقْضِ","20:72:11"
"قاض",1,"قَاضٍؕ","20:72:14"
"تقضى",1,"تَقْضٖي","20:72:16"
"اكرهتنا",1,"اَكْرَهْتَنَا","20:73:8"
"مجرما",1,"مُجْرِمًا","20:74:5"
"ياته",1,"يَاْتِهٖ","20:75:2"
"يبسا",1,"يَبَسًاۚ","20:77:13"
"تخاف",1,"تَخَافُ","20:77:15"
"دركا",1,"دَرَكًا","20:77:16"
"تخشى",1,"تَخْشٰى","20:77:18"
"بجنوده",1,"بِجُنُودِهٖ","20:78:3"
"فغشيهم",1,"فَغَشِيَهُمْ","20:78:4"
"ووعدناكم",1,"وَوٰعَدْنَاكُمْ","20:80:8"
"لمنوالسلوى",1,"الْمَنَّوَالسَّلْوٰى","20:80:14"
"فيحل",1,"فَيَحِلَّ","20:81:9"
"يحلل",1,"يَحْلِلْ","20:81:13"
"اعجلك",1,"اَعْجَلَكَ","20:83:2"
"اثرى",1,"اَثَرٖي","20:84:5"
"وعجلت",1,"وَعَجِلْتُ","20:84:6"
"لترضى",1,"لِتَرْضٰى","20:84:9"
"بعدك",1,"بَعْدِكَ","20:85:7"
"واضلهم",1,"وَاَضَلَّهُمُ","20:85:8"
"افطال",1,"اَفَطَالَ","20:86:15"
"فاخلفتمموعدى",1,"فَاَخْلَفْتُمْمَوْعِدٖي","20:86:26"
"اخلفنا",1,"اَخْلَفْنَا","20:87:3"
"موعدك",1,"مَوْعِدَكَ","20:87:4"
"بملكنا",1,"بِمَلْكِنَا","20:87:5"
"فقذفناها",1,"فَقَذَفْنَاهَا","20:87:12"
"فكذلك",1,"فَكَذٰلِكَ","20:87:13"
"واطيعواامرى",1,"وَاَطٖيعُٓوااَمْرٖي","20:90:16"
"نبرح",1,"نَبْرَحَ","20:91:3"
"رايتهمضلوا",1,"رَاَيْتَهُمْضَلُّواۙ","20:92:7"
"تتبعن",1,"تَتَّبِعَنِؕ","20:93:2"
"افعصيت",1,"اَفَعَصَيْتَ","20:93:3"
"يبنؤم",1,"يَبْنَؤُ࣑مَّ","20:94:2"
"تاخذ",1,"تَاْخُذْ","20:94:4"
"بلحيتى",1,"بِلِحْيَتٖي","20:94:5"
"براسى",1,"بِرَاْسٖيۚ","20:94:7"
"خشيت",1,"خَشٖيتُ","20:94:9"
"فرقت",1,"فَرَّقْتَ","20:94:12"
"ترقب",1,"تَرْقُبْ","20:94:17"
"خطبك",1,"خَطْبُكَ","20:95:3"
"ياسامرى",1,"يَاسَامِرِيُّ","20:95:4"
"بصرت",1,"بَصُرْتُ","20:96:2"
"يبصروا",1,"يَبْصُرُوا","20:96:5"
"فقبضت",1,"فَقَبَضْتُ","20:96:7"
"قبضة",1,"قَبْضَةً","20:96:8"
"فنبذتها",1,"فَنَبَذْتُهَا","20:96:12"
"مساس",1,"مِسَاسَࣕ","20:97:10"
"تخلفه",1,"تُخْلَفَهُۚ","20:97:15"
"ظلت",1,"ظَلْتَ","20:97:20"
"عاكفا",1,"عَاكِفًاؕ","20:97:22"
"لنحرقنه",1,"لَنُحَرِّقَنَّهُ","20:97:23"
"لننسفنه",1,"لَنَنْسِفَنَّهُ","20:97:25"
"ونحشر",1,"وَنَحْشُرُ","20:102:5"
"زرقا",1,"زُرْقًاۚ","20:102:8"
"طريقة",1,"طَرٖيقَةً","20:104:8"
"ينسفها",1,"يَنْسِفُهَا","20:105:5"
"فيذرها",1,"فَيَذَرُهَا","20:106:1"
"قاعا",1,"قَاعًا","20:106:2"
"صفصفا",1,"صَفْصَفًاۙ","20:106:3"
"لداعى",1,"الدَّاعِيَ","20:108:3"
"وخشعت",1,"وَخَشَعَتِ","20:108:7"
"همسا",1,"هَمْسًا","20:108:13"
"ورضى",1,"وَرَضِيَ","20:109:10"
"وعنت",1,"وَعَنَتِ","20:111:1"
"للحى",1,"لِلْحَيِّ","20:111:3"
"هضما",1,"هَضْمًا","20:112:11"
"وحيه",1,"وَحْيُهُؗ","20:114:13"
"زدنى",1,"زِدْنٖي","20:114:16"
"عهدنا",1,"عَهِدْنَٓا","20:115:2"
"نجد",1,"نَجِدْ","20:115:9"
"ولزوجك",1,"وَلِزَوْجِكَ","20:117:7"
"يخرجنكما",1,"يُخْرِجَنَّكُمَا","20:117:9"
"فتشقى",1,"فَتَشْقٰى","20:117:12"
"تجوع",1,"تَجُوعَ","20:118:4"
"تعرى",1,"تَعْرٰىۙ","20:118:7"
"تظمؤا",1,"تَظْمَؤُ࣑ا","20:119:3"
"تضحى",1,"تَضْحٰى","20:119:6"
"ادلك",1,"اَدُلُّكَ","20:120:7"
"يبلى",1,"يَبْلٰى","20:120:13"
"فبدت",1,"فَبَدَتْ","20:121:3"
"فغوى",1,"فَغَوٰىࣕ","20:121:15"
"يشقى",1,"يَشْقٰى","20:123:18"
"معيشة",1,"مَعٖيشَةً","20:124:7"
"ضنكا",1,"ضَنْكًا","20:124:8"
"ونحشره",1,"وَنَحْشُرُهُ","20:124:9"
"حشرتنى",1,"حَشَرْتَنٖٓي","20:125:4"
"اتتك",1,"اَتَتْكَ","20:126:3"
"فنسيتها",1,"فَنَسٖيتَهَاۚ","20:126:5"
"غروبها",1,"غُرُوبِهَاۚ","20:130:12"
"انائ",1,"اٰنَٓائِ","20:130:14"
"واطراف",1,"وَاَطْرَافَ","20:130:17"
"زهرة",1,"زَهْرَةَ","20:131:10"
"نسلك",1,"نَسْـَٔلُكَ","20:132:7"
"نرزقك",1,"نَرْزُقُكَؕ","20:132:10"
"نذل",1,"نَذِلَّ","20:134:18"
"ونخزى",1,"وَنَخْزٰى","20:134:19"
"متربص",1,"مُتَرَبِّصٌ","20:135:3"
"فيدمغه",1,"فَيَدْمَغُهُ","21:18:6"
"يسبقونه",1,"يَسْبِقُونَهُ","21:27:2"
"خشيته",1,"خَشْيَتِهٖ","21:28:14"
"اياتها",1,"اٰيَاتِهَا","21:32:7"
"راك",1,"رَاٰكَ","21:36:2"
"رشده",1,"رُشْدَهُ","21:51:4"
"لتماثيل",1,"التَّمَاثٖيلُ","21:52:7"
"للاعبين",1,"اللَّاعِبٖينَ","21:55:7"
"فطرهن",1,"فَطَرَهُنَّؗ","21:56:8"
"وتالله",1,"وَتَاللّٰهِ","21:57:1"
"لاكيدن",1,"لَاَكٖيدَنَّ","21:57:2"
"اصنامكم",1,"اَصْنَامَكُمْ","21:57:3"
"جذاذا",1,"جُذَاذًا","21:58:2"
"يذكرهم",1,"يَذْكُرُهُمْ","21:60:4"
"فعله",1,"فَعَلَهُࣗ","21:63:3"
"فسلوهم",1,"فَسْـَٔلُوهُمْ","21:63:6"
"افتعبدون",1,"اَفَتَعْبُدُونَ","21:66:2"
"وانصروا",1,"وَانْصُرُٓوا","21:68:3"
"كونى",1,"كُونٖي","21:69:4"
"علىابرهيم",1,"عَلٰٓىاِبْرٰهٖيمَۙ","21:69:7"
"تعمل",1,"تَعْمَلُ","21:74:10"
"وادخلناه",1,"وَاَدْخَلْنَاهُ","21:75:1"
"ونصرناه",1,"وَنَصَرْنَاهُ","21:77:1"
"وداو࣒د",1,"وَدَاوُ࣒دَ","21:78:1"
"يحكمان",1,"يَحْكُمَانِ","21:78:4"
"نفشت",1,"نَفَشَتْ","21:78:8"
"غنم",1,"غَنَمُ","21:78:10"
"لحكمهم",1,"لِحُكْمِهِمْ","21:78:13"
"ففهمناها",1,"فَفَهَّمْنَاهَا","21:79:1"
"وسخرنا",1,"وَسَخَّرْنَا","21:79:7"
"صنعة",1,"صَنْعَةَ","21:80:2"
"لبوس",1,"لَبُوسٍ","21:80:3"
"لتحصنكم",1,"لِتُحْصِنَكُمْ","21:80:5"
"شاكرون",1,"شَاكِرُونَ","21:80:10"
"عاصفة",1,"عَاصِفَةً","21:81:3"
"يغوصون",1,"يَغُوصُونَ","21:82:4"
"ويعملون",1,"وَيَعْمَلُونَ","21:82:6"
"للعابدين",1,"لِلْعَابِدٖينَ","21:84:16"
"وادريس",1,"وَاِدْرٖيسَ","21:85:2"
"وادخلناهم",1,"وَاَدْخَلْنَاهُمْ","21:86:1"
"لنون",1,"النُّونِ","21:87:2"
"مغاضبا",1,"مُغَاضِبًا","21:87:5"
"فظن",1,"فَظَنَّ","21:87:6"
"نقدر",1,"نَقْدِرَ","21:87:9"
"تذرنى",1,"تَذَرْنٖي","21:89:7"
"واصلحنا",1,"وَاَصْلَحْنَا","21:90:6"
"ويدعوننا",1,"وَيَدْعُونَنَا","21:90:14"
"رغبا",1,"رَغَبًا","21:90:15"
"ورهبا",1,"وَرَهَبًاؕ","21:90:16"
"وابنها",1,"وَابْنَهَٓا","21:91:9"
"كاتبون",1,"كَاتِبُونَ","21:94:12"
"حدب",1,"حَدَبٍ","21:96:9"
"شاخصة",1,"شَاخِصَةٌ","21:97:6"
"واردون",1,"وَارِدُونَ","21:98:11"
"وردوها",1,"وَرَدُوهَاؕ","21:99:6"
"مبعدون",1,"مُبْعَدُونَۙ","21:101:9"
"حسيسها",1,"حَسٖيسَهَاۚ","21:102:3"
"اشتهت",1,"اشْتَهَتْ","21:102:7"
"يحزنهم",1,"يَحْزُنُهُمُ","21:103:2"
"لفزع",1,"الْفَزَعُ","21:103:3"
"وتتلقيهم",1,"وَتَتَلَقّٰيهُمُ","21:103:5"
"نطوى",1,"نَطْوِي","21:104:2"
"كطى",1,"كَطَيِّ","21:104:4"
"لسجل",1,"السِّجِلِّ","21:104:5"
"للكتب",1,"لِلْكُتُبِؕ","21:104:6"
"بدانا",1,"بَدَاْنَٓا","21:104:8"
"نعيده",1,"نُعٖيدُهُؕ","21:104:11"
"لزبور",1,"الزَّبُورِ","21:105:4"
"اذنتكم",1,"اٰذَنْتُكُمْ","21:109:4"
"عطفه",1,"عِطْفِهٖ","22:9:2"
"ونذيقه",1,"وَنُذٖيقُهُ","22:9:11"
"اصابه",1,"اَصَابَهُ","22:11:9"
"يضره",1,"يَضُرُّهُ","22:12:7"
"ينفعه",1,"يَنْفَعُهُؕ","22:12:10"
"نفعه",1,"نَفْعِهٖؕ","22:13:6"
"امنيته",1,"اُمْنِيَّتِهٖۚ","22:52:15"
"فينسخ",1,"فَيَنْسَخُ","22:52:16"
"والقاسية",1,"وَالْقَاسِيَةِ","22:53:10"
"فيؤمنوا",1,"فَيُؤْمِنُوا","22:54:9"
"فتخبت",1,"فَتُخْبِتَ","22:54:11"
"لهاد",1,"لَهَادِ","22:54:16"
"ليرزقنهم",1,"لَيَرْزُقَنَّهُمُ","22:58:10"
"ليدخلنهم",1,"لَيُدْخِلَنَّهُمْ","22:59:1"
"يرضونه",1,"يَرْضَوْنَهُؕ","22:59:3"
"عاقب",1,"عَاقَبَ","22:60:3"
"عوقب",1,"عُوقِبَ","22:60:6"
"لينصرنه",1,"لَيَنْصُرَنَّهُ","22:60:11"
"مخضرة",1,"مُخْضَرَّةًؕ","22:63:11"
"ويمسك",1,"وَيُمْسِكُ","22:65:15"
"تقع",1,"تَقَعَ","22:65:18"
"احياكم",1,"اَحْيَاكُمْؗ","22:66:3"
"ناسكوه",1,"نَاسِكُوهُ","22:67:6"
"ينازعنك",1,"يُنَازِعُنَّكَ","22:67:8"
"جادلوك",1,"جَادَلُوكَ","22:68:2"
"يسطون",1,"يَسْطُونَ","22:72:13"
"افانبئكم",1,"اَفَاُنَبِّئُكُمْ","22:72:19"
"يخلقوا",1,"يَخْلُقُوا","22:73:14"
"ذبابا",1,"ذُبَابًا","22:73:15"
"اجتمعوا",1,"اجْتَمَعُوا","22:73:17"
"يسلبهم",1,"يَسْلُبْهُمُ","22:73:20"
"لذباب",1,"الذُّبَابُ","22:73:21"
"يستنقذوه",1,"يَسْتَنْقِذُوهُ","22:73:24"
"لطالب",1,"الطَّالِبُ","22:73:27"
"والمطلوب",1,"وَالْمَطْلُوبُ","22:73:28"
"يصطفى",1,"يَصْطَفٖي","22:75:2"
"وافعلوا",1,"وَافْعَلُوا","22:77:8"
"جهاده",1,"جِهَادِهٖؕ","22:78:5"
"اجتبيكم",1,"اجْتَبٰيكُمْ","22:78:7"
"سميكم",1,"سَمّٰيكُمُ","22:78:19"
"واويناهما",1,"وَاٰوَيْنَاهُمَٓا","23:50:6"
"فتقطعوا",1,"فَتَقَطَّعُٓوا","23:53:1"
"زبرا",1,"زُبُرًاؕ","23:53:4"
"غمرتهم",1,"غَمْرَتِهِمْ","23:54:3"
"ايحسبون",1,"اَيَحْسَبُونَ","23:55:1"
"نمدهم",1,"نُمِدُّهُمْ","23:55:3"
"نسارع",1,"نُسَارِعُ","23:56:1"
"وجلة",1,"وَجِلَةٌ","23:60:6"
"مترفيهم",1,"مُتْرَفٖيهِمْ","23:64:4"
"يجرون",1,"يَجْــَٔرُونَؕ","23:64:8"
"تجروا",1,"تَجْــَٔرُوا","23:65:2"
"تنكصون",1,"تَنْكِصُونَۙ","23:66:9"
"مستكبرين",1,"مُسْتَكْبِرٖينَ","23:67:1"
"سامرا",1,"سَامِرًا","23:67:3"
"تهجرون",1,"تَهْجُرُونَ","23:67:4"
"يدبروا",1,"يَدَّبَّرُوا","23:68:2"
"يعرفوا",1,"يَعْرِفُوا","23:69:3"
"بذكرهم",1,"بِذِكْرِهِمْ","23:71:12"
"ذكرهم",1,"ذِكْرِهِمْ","23:71:15"
"فخراج",1,"فَخَرَاجُ","23:72:4"
"لتدعوهم",1,"لَتَدْعُوهُمْ","23:73:2"
"لناكبون",1,"لَنَاكِبُونَ","23:74:8"
"رحمناهم",1,"رَحِمْنَاهُمْ","23:75:2"
"وكشفنا",1,"وَكَشَفْنَا","23:75:3"
"للجوا",1,"لَلَجُّوا","23:75:8"
"يجار",1,"يُجَارُ","23:88:10"
"تسحرون",1,"تُسْحَرُونَ","23:89:5"
"ولعلا",1,"وَلَعَلَا","23:91:17"
"همزات",1,"هَمَزَاتِ","23:97:6"
"واعوذ",1,"وَاَعُوذُ","23:98:1"
"يحضرون",1,"يَحْضُرُونِ","23:98:5"
"ارجعون",1,"ارْجِعُونِۙ","23:99:8"
"قائلها",1,"قَٓائِلُهَاؕ","23:100:10"
"انساب",1,"اَنْسَابَ","23:101:6"
"تلفح",1,"تَلْفَحُ","23:104:1"
"كالحون",1,"كَالِحُونَ","23:104:6"
"شقوتنا",1,"شِقْوَتُنَا","23:106:5"
"اخسؤ࣒ا",1,"اخْسَؤُ࣒ا","23:108:2"
"تكلمون",1,"تُكَلِّمُونِ","23:108:5"
"فاتخذتموهم",1,"فَاتَّخَذْتُمُوهُمْ","23:110:1"
"انسوكم",1,"اَنْسَوْكُمْ","23:110:4"
"تضحكون",1,"تَضْحَكُونَ","23:110:8"
"جزيتهم",1,"جَزَيْتُهُمُ","23:111:2"
"لعادين",1,"الْعَٓادّٖينَ","23:113:8"
"افحسبتم",1,"اَفَحَسِبْتُمْ","23:115:1"
"عبثا",1,"عَبَثًا","23:115:4"
"وارحم",1,"وَارْحَمْ","23:118:4"
"انزلناها",1,"اَنْزَلْنَاهَا","24:1:2"
"كبره",1,"كِبْرَهُ","24:11:24"
"تلقونه",1,"تَلَقَّوْنَهُ","24:15:2"
"وتحسبونه",1,"وَتَحْسَبُونَهُ","24:15:11"
"بهتان",1,"بُهْتَانٌ","24:16:13"
"لمثله",1,"لِمِثْلِهٖٓ","24:17:5"
"سميععليم",1,"سَمٖيعٌعَلٖيمٌ","24:21:34"
"مبرؤ࣒ن",1,"مُبَرَّؤُ࣒نَ","24:26:10"
"اباء",1,"اٰبَٓاءِ","24:31:27"
"يضيء",1,"يُضٖٓيءُ","24:35:28"
"لنوره",1,"لِنُورِهٖ","24:35:38"
"فوفيه",1,"فَوَفّٰيهُ","24:39:18"
"يغشيه",1,"يَغْشٰيهُ","24:40:6"
"يريها",1,"يَرٰيهَاؕ","24:40:23"
"صلاته",1,"صَلَاتَهُ","24:41:16"
"وتسبيحه",1,"وَتَسْبٖيحَهُؕ","24:41:17"
"ويصرفه",1,"وَيَصْرِفُهُ","24:43:30"
"برقه",1,"بَرْقِهٖ","24:43:36"
"بالابصار",1,"بِالْاَبْصَارِؕ","24:43:38"
"ويخش",1,"وَيَخْشَ","24:52:5"
"ويتقه",1,"وَيَتَّقْهِ","24:52:7"
"امرتهم",1,"اَمَرْتَهُمْ","24:53:6"
"معروفة",1,"مَعْرُوفَةٌؕ","24:53:12"
"وعليكم",1,"وَعَلَيْكُمْ","24:54:12"
"حملتم",1,"حُمِّلْتُمْؕ","24:54:14"
"تطيعوه",1,"تُطٖيعُوهُ","24:54:16"
"ليستخلفنهم",1,"لَيَسْتَخْلِفَنَّهُمْ","24:55:8"
"استخلف",1,"اسْتَخْلَفَ","24:55:12"
"وليمكنن",1,"وَلَيُمَكِّنَنَّ","24:55:16"
"وليبدلنهم",1,"وَلَيُبَدِّلَنَّهُمْ","24:55:22"
"خوفهم",1,"خَوْفِهِمْ","24:55:25"
"يعبدوننى",1,"يَعْبُدُونَنٖي","24:55:27"
"ليستاذنكم",1,"لِيَسْتَاْذِنْكُمُ","24:58:4"
"يبلغوا",1,"يَبْلُغُوا","24:58:10"
"مرات",1,"مَرَّاتٍؕ","24:58:14"
"تضعون",1,"تَضَعُونَ","24:58:20"
"ثيابكم",1,"ثِيَابَكُمْ","24:58:21"
"لظهيرة",1,"الظَّهٖيرَةِ","24:58:23"
"لعشاء",1,"الْعِشَٓاءِࣞ","24:58:27"
"بعدهن",1,"بَعْدَهُنَّؕ","24:58:36"
"طوافون",1,"طَوَّافُونَ","24:58:37"
"فليستاذنوا",1,"فَلْيَسْتَاْذِنُوا","24:59:6"
"استاذن",1,"اسْتَاْذَنَ","24:59:8"
"والقواعد",1,"وَالْقَوَاعِدُ","24:60:1"
"ثيابهن",1,"ثِيَابَهُنَّ","24:60:13"
"متبرجات",1,"مُتَبَرِّجَاتٍ","24:60:15"
"يستعففن",1,"يَسْتَعْفِفْنَ","24:60:18"
"اخوانكم",1,"اِخْوَانِكُمْ","24:61:28"
"اخواتكم",1,"اَخَوَاتِكُمْ","24:61:31"
"اعمامكم",1,"اَعْمَامِكُمْ","24:61:34"
"عماتكم",1,"عَمَّاتِكُمْ","24:61:37"
"اخوالكم",1,"اَخْوَالِكُمْ","24:61:40"
"خالاتكم",1,"خَالَاتِكُمْ","24:61:43"
"ملكتم",1,"مَلَكْتُمْ","24:61:46"
"صديقكم",1,"صَدٖيقِكُمْؕ","24:61:49"
"فسلموا",1,"فَسَلِّمُوا","24:61:61"
"يستاذنوه",1,"يَسْتَاْذِنُوهُؕ","24:62:16"
"استاذنوك",1,"اسْتَاْذَنُوكَ","24:62:26"
"شانهم",1,"شَاْنِهِمْ","24:62:28"
"كدعاء",1,"كَدُعَٓاءِ","24:63:6"
"يتسللون",1,"يَتَسَلَّلُونَ","24:63:13"
"لواذا",1,"لِوَاذًاۚ","24:63:15"
"فليحذر",1,"فَلْيَحْذَرِ","24:63:16"
"يخالفون",1,"يُخَالِفُونَ","24:63:18"
"واعانه",1,"وَاَعَانَهُ","25:4:9"
"اخرون",1,"اٰخَرُونَۚۛ","25:4:12"
"لرسولسبيلا",1,"الرَّسُولِسَبٖيلًا","25:27:11"
"فلاناخليلا",1,"فُلَانًاخَلٖيلًا","25:28:6"
"لقرانمهجورا",1,"الْقُرْاٰنَمَهْجُورًا","25:30:9"
"لجعله",1,"لَجَعَلَهُ","25:45:10"
"لنحيى",1,"لِنُحْيِيَ","25:49:1"
"ونسقيه",1,"وَنُسْقِيَهُ","25:49:5"
"لبعثنا",1,"لَبَعَثْنَا","25:51:3"
"وجاهدهم",1,"وَجَاهِدْهُمْ","25:52:4"
"وحجرا",1,"وَحِجْرًا","25:53:14"
"وصهرا",1,"وَصِهْرًاؕ","25:54:9"
"انسجد",1,"اَنَسْجُدُ","25:60:9"
"تامرنا",1,"تَاْمُرُنَا","25:60:11"
"وزادهم",1,"وَزَادَهُمْ","25:60:12"
"وقمرا",1,"وَقَمَرًا","25:61:10"
"خلفة",1,"خِلْفَةً","25:62:6"
"وعباد",1,"وَعِبَادُ","25:63:1"
"هونا",1,"هَوْنًا","25:63:7"
"خاطبهم",1,"خَاطَبَهُمُ","25:63:9"
"وقياما",1,"وَقِيَامًا","25:64:5"
"اصرف",1,"اصْرِفْ","25:65:4"
"غراما",1,"غَرَامًاࣗ","25:65:11"
"ساءت",1,"سَٓاءَتْ","25:66:2"
"يسرفوا",1,"يُسْرِفُوا","25:67:5"
"يقتروا",1,"يَقْتُرُوا","25:67:7"
"قواما",1,"قَوَامًا","25:67:11"
"يزنون",1,"يَزْنُونَۚ","25:68:17"
"يلق",1,"يَلْقَ","25:68:21"
"اثاما",1,"اَثَامًاۙ","25:68:22"
"ويخلد",1,"وَيَخْلُدْ","25:69:6"
"فيه࣒",1,"فٖيهٖ࣒","25:69:7"
"مهانا",1,"مُهَانًاࣗ","25:69:8"
"حسنات",1,"حَسَنَاتٍؕ","25:70:12"
"يخروا",1,"يَخِرُّوا","25:73:7"
"وعميانا",1,"وَعُمْيَانًا","25:73:10"
"وذرياتنا",1,"وَذُرِّيَّاتِنَا","25:74:8"
"لغرفة",1,"الْغُرْفَةَ","25:75:3"
"ويلقون",1,"وَيُلَقَّوْنَ","25:75:6"
"حسنت",1,"حَسُنَتْ","25:76:3"
"يعبؤا",1,"يَعْبَؤُ࣑ا","25:77:3"
"دعاؤكم",1,"دُعَٓاؤُ࣑كُمْۚ","25:77:7"
"بسحره",1,"بِسِحْرِهٖࣗ","26:35:6"
"نطمع",1,"نَطْمَعُ","26:51:2"
"لشرذمة",1,"لَشِرْذِمَةٌ","26:54:3"
"قليلون",1,"قَلٖيلُونَۙ","26:54:4"
"لغائظون",1,"لَغَٓائِظُونَۙ","26:55:3"
"لجميع",1,"لَجَمٖيعٌ","26:56:2"
"حاذرون",1,"حَاذِرُونَؕ","26:56:3"
"فاخرجناهم",1,"فَاَخْرَجْنَاهُمْ","26:57:1"
"وكنوز",1,"وَكُنُوزٍ","26:58:1"
"فاتبعوهم",1,"فَاَتْبَعُوهُمْ","26:60:1"
"تراء",1,"تَرَٓاءَ","26:61:2"
"لمدركون",1,"لَمُدْرَكُونَۚ","26:61:8"
"فانفلق",1,"فَانْفَلَقَ","26:63:8"
"كالطود",1,"كَالطَّوْدِ","26:63:12"
"وازلفنا",1,"وَاَزْلَفْنَا","26:64:1"
"فنظل",1,"فَنَظَلُّ","26:71:4"
"يسمعونكم",1,"يَسْمَعُونَكُمْ","26:72:3"
"ينفعونكم",1,"يَنْفَعُونَكُمْ","26:73:2"
"يضرون",1,"يَضُرُّونَ","26:73:4"
"لاقدمون",1,"الْاَقْدَمُونَ","26:76:3"
"خلقنى",1,"خَلَقَنٖي","26:78:2"
"يطعمنى",1,"يُطْعِمُنٖي","26:79:3"
"ويسقين",1,"وَيَسْقٖينِۙ","26:79:4"
"يشفين",1,"يَشْفٖينِࣕ","26:80:4"
"يميتنى",1,"يُمٖيتُنٖي","26:81:2"
"يحيين",1,"يُحْيٖينِۙ","26:81:4"
"اطمع",1,"اَطْمَعُ","26:82:2"
"خطيتى",1,"خَطٖٓيـَٔتٖي","26:82:6"
"ورثة",1,"وَرَثَةِ","26:85:3"
"لابى",1,"لِاَبٖٓي","26:86:2"
"تخزنى",1,"تُخْزِنٖي","26:87:2"
"بنون",1,"بَنُونَۙ","26:88:6"
"للغاوين",1,"لِلْغَاوٖينَۙ","26:91:3"
"ينصرونكم",1,"يَنْصُرُونَكُمْ","26:93:5"
"فكبكبوا",1,"فَكُبْكِبُوا","26:94:1"
"والغاو࣒ن",1,"وَالْغَاوُ࣒نَۙ","26:94:4"
"نسويكم",1,"نُسَوّٖيكُمْ","26:98:2"
"شافعين",1,"شَافِعٖينَۙ","26:100:4"
"فنكون",1,"فَنَكُونَ","26:102:5"
"واتبعك",1,"وَاتَّبَعَكَ","26:111:4"
"لارذلون",1,"الْاَرْذَلُونَؕ","26:111:5"
"علمى",1,"عِلْمٖي","26:112:3"
"منالمرجومين",1,"مِنَالْمَرْجُومٖينَؕ","26:116:8"
"فافتح",1,"فَافْتَحْ","26:118:1"
"اتبنون",1,"اَتَبْنُونَ","26:128:1"
"ريع",1,"رٖيعٍ","26:128:3"
"تعبثون",1,"تَعْبَثُونَۙ","26:128:5"
"وتتخذون",1,"وَتَتَّخِذُونَ","26:129:1"
"مصانع",1,"مَصَانِـعَ","26:129:2"
"تخلدون",1,"تَخْلُدُونَۚ","26:129:4"
"بانعام",1,"بِاَنْعَامٍ","26:133:2"
"اوعظت",1,"اَوَعَظْتَ","26:136:4"
"لواعظين",1,"الْوَاعِظٖينَۙ","26:136:9"
"اتتركون",1,"اَتُتْرَكُونَ","26:146:1"
"هضيم",1,"هَضٖيمٌۚ","26:148:4"
"فارهين",1,"فَارِهٖينَۚ","26:149:5"
"لذكران",1,"الذُّكْرَانَ","26:165:2"
"عادون",1,"عَادُونَ","26:166:11"
"منالمخرجين",1,"مِنَالْمُخْرَجٖينَ","26:167:8"
"لعملكم",1,"لِعَمَلِكُمْ","26:168:3"
"لقالين",1,"الْقَالٖينَؕ","26:168:5"
"واهلى",1,"وَاَهْلٖي","26:169:3"
"لمخسرين",1,"الْمُخْسِرٖينَۚ","26:181:6"
"والجبلة",1,"وَالْجِبِلَّةَ","26:184:4"
"نظنك",1,"نَظُنُّكَ","26:186:7"
"فاسقط",1,"فَاَسْقِطْ","26:187:1"
"لظلة",1,"الظُّلَّةِؕ","26:189:5"
"لتنزيل",1,"لَتَنْزٖيلُ","26:192:2"
"علمؤا",1,"عُلَمٰٓؤُ࣑ا","26:197:7"
"نزلناه",1,"نَزَّلْنَاهُ","26:198:2"
"لاعجمين",1,"الْاَعْجَمٖينَۙ","26:198:5"
"فقراه",1,"فَقَرَاَهُ","26:199:1"
"سلكناه",1,"سَلَكْنَاهُ","26:200:2"
"فياتيهم",1,"فَيَاْتِيَهُمْ","26:202:1"
"منظرون",1,"مُنْظَرُونَؕ","26:203:4"
"متعناهم",1,"مَتَّعْنَاهُمْ","26:205:3"
"يمتعون",1,"يُمَتَّعُونَؕ","26:207:6"
"منذرون",1,"مُنْذِرُونَࣗۛ","26:208:7"
"تنزلت",1,"تَنَزَّلَتْ","26:210:2"
"لمعزولون",1,"لَمَعْزُولُونَؕ","26:212:4"
"لمعذبين",1,"الْمُعَذَّبٖينَۚ","26:213:9"
"عشيرتك",1,"عَشٖيرَتَكَ","26:214:2"
"لاقربين",1,"الْاَقْرَبٖينَۙ","26:214:3"
"عصوك",1,"عَصَوْكَ","26:216:2"
"يريك",1,"يَرٰيكَ","26:218:2"
"وتقلبك",1,"وَتَقَلُّبَكَ","26:219:1"
"والشعراء",1,"وَالشُّعَرَٓاءُ","26:224:1"
"يتبعهم",1,"يَتَّبِعُهُمُ","26:224:2"
"لغاو࣒ن",1,"الْغَاوُ࣒نَؕ","26:224:3"
"يهيمون",1,"يَهٖيمُونَۙ","26:225:7"
"وانتصروا",1,"وَانْتَصَرُوا","26:227:9"
"ينقلبون",1,"يَنْقَلِبُونَ","26:227:19"
"لعزيزالحكيم",1,"الْعَزٖيزُالْحَكٖيمُۙ","27:9:6"
"لديالمرسلون",1,"لَدَيَّالْمُرْسَلُونَࣗ","27:10:19"
"جنوده",1,"جُنُودُهُ","27:17:3"
"مالى",1,"مَالِيَ","27:20:4"
"لاعذبنه",1,"لَاُعَذِّبَنَّهُ","27:21:1"
"لااذبحنه",1,"لَا࣑اَذْبَحَنَّهُٓ","27:21:5"
"واو࣒تيت",1,"وَاُو࣒تِيَتْ","27:23:5"
"اتين‌ى",1,"اٰتٰينِ‌يَ","27:36:8"
"لعلكمترحمون",1,"لَعَلَّكُمْتُرْحَمُونَ","27:46:12"
"لنبيتنه",1,"لَنُبَيِّتَنَّهُ","27:49:4"
"دمرناهم",1,"دَمَّرْنَاهُمْ","27:51:7"
"بهجة",1,"بَهْجَةٍۚ","27:60:14"
"تنبتوا",1,"تُنْبِتُوا","27:60:19"
"شجرها",1,"شَجَرَهَاؕ","27:60:20"
"حاجزا",1,"حَاجِزًاؕ","27:61:14"
"يجيب",1,"يُجٖيبُ","27:62:2"
"لمضطر",1,"الْمُضْطَرَّ","27:62:3"
"دعاه",1,"دَعَاهُ","27:62:5"
"ويكشف",1,"وَيَكْشِفُ","27:62:6"
"ويجعلكم",1,"وَيَجْعَلُكُمْ","27:62:8"
"يهديكم",1,"يَهْدٖيكُمْ","27:63:2"
"ادارك",1,"ادَّارَكَ","27:66:2"
"علمهم",1,"عِلْمُهُمْ","27:66:3"
"عمون",1,"عَمُونَࣖ","27:66:14"
"لمخرجون",1,"لَمُخْرَجُونَ","27:67:9"
"ردف",1,"رَدِفَ","27:72:5"
"غائبة",1,"غَٓائِبَةٍ","27:75:3"
"بحكمه",1,"بِحُكْمِهٖۚ","27:78:5"
"تكلمهم",1,"تُكَلِّمُهُمْۙ","27:82:10"
"اكذبتم",1,"اَكَذَّبْتُمْ","27:84:5"
"تحيطوا",1,"تُحٖيطُوا","27:84:8"
"اماذا",1,"اَمَّاذَا","27:84:11"
"ووقع",1,"وَوَقَعَ","27:85:1"
"ليسكنوا",1,"لِيَسْكُنُوا","27:86:6"
"تحسبها",1,"تَحْسَبُهَا","27:88:3"
"جامدة",1,"جَامِدَةً","27:88:4"
"صنع",1,"صُنْعَ","27:88:9"
"اتقن",1,"اَتْقَنَ","27:88:12"
"فكبت",1,"فَكُبَّتْ","27:90:4"
"لبلدة",1,"الْبَلْدَةِ","27:91:7"
"حرمها",1,"حَرَّمَهَا","27:91:9"
"اتلوا",1,"اَتْلُوَا","27:92:2"
"سيريكم",1,"سَيُرٖيكُمْ","27:93:4"
"فتعرفونها",1,"فَتَعْرِفُونَهَاؕ","27:93:6"
"ويستحى",1,"وَيَسْتَحْيٖ","28:4:14"
"فالتقطه",1,"فَالْتَقَطَهُٓ","28:8:1"
"فارغا",1,"فَارِغًاؕ","28:10:5"
"لاخته",1,"لِاُخْتِهٖ","28:11:2"
"وحرمنا",1,"وَحَرَّمْنَا","28:12:1"
"يكفلونه",1,"يَكْفُلُونَهُ","28:12:12"
"فوكزه",1,"فَوَكَزَهُ","28:15:26"
"استنصره",1,"اسْتَنْصَرَهُ","28:18:8"
"يستصرخه",1,"يَسْتَصْرِخُهُؕ","28:18:10"
"منالمصلحين",1,"مِنَالْمُصْلِحٖينَ","28:19:32"
"منالناصحين",1,"مِنَالنَّاصِحٖينَ","28:20:18"
"منالامنين",1,"مِنَالْاٰمِنٖينَ","28:31:19"
"منالكاذبين",1,"مِنَالْكَاذِبٖينَ","28:38:27"
"وصلنا",1,"وَصَّلْنَا","28:51:2"
"نبتغى",1,"نَبْتَغِي","28:55:14"
"نتخطف",1,"نُتَخَطَّفْ","28:57:6"
"يجبى",1,"يُجْبٰٓى","28:57:14"
"بطرت",1,"بَطِرَتْ","28:58:5"
"معيشتها",1,"مَعٖيشَتَهَاۚ","28:58:6"
"تسكن",1,"تُسْكَنْ","28:58:10"
"امها",1,"اُمِّهَا","28:59:9"
"مهلكى",1,"مُهْلِكِي","28:59:16"
"وعدناه",1,"وَعَدْنَاهُ","28:61:2"
"لاقيه",1,"لَاقٖيهِ","28:61:6"
"متعناه",1,"مَتَّعْنَاهُ","28:61:8"
"اغوينا",1,"اَغْوَيْنَاۚ","28:63:9"
"اغويناهم",1,"اَغْوَيْنَاهُمْ","28:63:10"
"لمفلحين",1,"الْمُفْلِحٖينَ","28:67:11"
"ويختار",1,"وَيَخْتَارُؕ","28:68:5"
"بضياء",1,"بِضِيَٓاءٍؕ","28:71:17"
"تسكنون",1,"تَسْكُنُونَ","28:72:18"
"فبغى",1,"فَبَغٰى","28:76:7"
"لكنوز",1,"الْكُنُوزِ","28:76:11"
"لتنوا",1,"لَتَنُٓواُ","28:76:15"
"بالعصبة",1,"بِالْعُصْبَةِ","28:76:16"
"تفرح",1,"تَفْرَحْ","28:76:24"
"لفرحين",1,"الْفَرِحٖينَ","28:76:29"
"تنس",1,"تَنْسَ","28:77:8"
"نصيبك",1,"نَصٖيبَكَ","28:77:9"
"تبغ",1,"تَبْغِ","28:77:18"
"زينته",1,"زٖينَتِهٖؕ","28:79:5"
"حظعظيم",1,"حَظٍّعَظٖيمٍ","28:79:20"
"فخسفنا",1,"فَخَسَفْنَا","28:81:1"
"وبداره",1,"وَبِدَارِهِ","28:81:3"
"لمنتصرين",1,"الْمُنْتَصِرٖينَ","28:81:17"
"ويكان",1,"وَيْكَاَنَّ","28:82:7"
"لخسف",1,"لَخَسَفَ","28:82:21"
"ويكانه",1,"وَيْكَاَنَّهُ","28:82:23"
"نجعلها",1,"نَجْعَلُهَا","28:83:4"
"لرادك",1,"لَرَٓادُّكَ","28:85:6"
"معاد",1,"مَعَادٍؕ","28:85:8"
"ترجوا",1,"تَرْجُٓوا","28:86:3"
"او࣒ذى",1,"اُو࣒ذِيَ","29:10:8"
"فانجيه",1,"فَاَنْجٰيهُ","29:24:11"
"لننجينه",1,"لَنُنَجِّيَنَّهُ","29:32:10"
"بذنبه",1,"بِذَنْبِهٖۚ","29:40:3"
"تخطه",1,"تَخُطُّهُ","29:48:9"
"يكفهم",1,"يَكْفِهِمْ","29:51:2"
"لجاءهم",1,"لَجَٓاءَهُمُ","29:53:6"
"ولياتينهم",1,"وَلَيَاْتِيَنَّهُمْ","29:53:8"
"يستعجلونك",1,"يَسْتَعْجِلُونَكَ","29:54:1"
"يغشيهم",1,"يَغْشٰيهُمُ","29:55:2"
"ارضى",1,"اَرْضٖي","29:56:6"
"فايايفاعبدون",1,"فَاِيَّايَفَاعْبُدُونِ","29:56:8"
"يرزقها",1,"يَرْزُقُهَا","29:60:8"
"ولعب",1,"وَلَعِبٌؕ","29:64:7"
"لهى",1,"لَهِيَ","29:64:11"
"لحيوان",1,"الْحَيَوَانُۘ","29:64:12"
"ركبوا",1,"رَكِبُوا","29:65:2"
"وليتمتعوا",1,"وَلِيَتَمَتَّعُواࣞ","29:66:4"
"ويتخطف",1,"وَيُتَخَطَّفُ","29:67:7"
"وبنعمة",1,"وَبِنِعْمَةِ","29:67:13"
"لنهدينهم",1,"لَنَهْدِيَنَّهُمْ","29:69:4"
"لمع",1,"لَمَعَ","29:69:8"
"اساؤا",1,"اَسَٓاؤُا","30:10:5"
"فيحى",1,"فَيُحْيٖ","30:24:11"
"فيبسطه",1,"فَيَبْسُطُهُ","30:48:7"
"ويجعله",1,"وَيَجْعَلُهُ","30:48:12"
"فراوه",1,"فَرَاَوْهُ","30:51:4"
"لظلوا",1,"لَظَلُّوا","30:51:6"
"بهاد",1,"بِهَادِ","30:53:3"
"وشيبة",1,"وَشَيْبَةًؕ","30:54:18"
"يقسم",1,"يُقْسِمُ","30:55:4"
"فهذا",1,"فَهٰذَا","30:56:14"
"مبطلون",1,"مُبْطِلُونَ","30:58:19"
"يستخفنك",1,"يَسْتَخِفَّنَّكَ","30:60:7"
"لابنه",1,"لِابْنِهٖ","31:13:4"
"يعظه",1,"يَعِظُهُ","31:13:6"
"لظلمعظيم",1,"لَظُلْمٌعَظٖيمٌ","31:13:14"
"لطيفخبير",1,"لَطٖيفٌخَبٖيرٌ","31:16:24"
"عزمالامور",1,"عَزْمِالْاُمُورِۚ","31:17:17"
"نعمه",1,"نِعَمَهُ","31:20:15"
"يمده",1,"يَمُدُّهُ","31:27:9"
"ولده",1,"وَلَدِهٖؗ","31:33:11"
"والده",1,"وَالِدِهٖ","31:33:17"
"نسله",1,"نَسْلَهُ","32:8:3"
"سويه",1,"سَوّٰيهُ","32:9:2"
"روحه",1,"رُوحِهٖ","32:9:6"
"هديها",1,"هُدٰيهَا","32:13:6"
"فماويهم",1,"فَمَاْوٰيهُمُ","32:20:4"
"لقائه",1,"لِقَٓائِهٖ","32:23:10"
"جوفه",1,"جَوْفِهٖۚ","33:4:8"
"لئ",1,"الّٰٓئٖ","33:4:12"
"وازواجه",1,"وَاَزْوَاجُهُٓ","33:6:6"
"نحبه",1,"نَحْبَهُ","33:23:12"
"تطؤ࣒ها",1,"تَطَؤُ࣒هَاؕ","33:27:7"
"للهيسيرا",1,"اللّٰهِيَسٖيرًا","33:30:16"
"قولامعروفا",1,"قَوْلًامَعْرُوفًاۚ","33:32:19"
"واتين",1,"وَاٰتٖينَ","33:33:11"
"تخشيه",1,"تَخْشٰيهُؕ","33:37:25"
"ويخشونه",1,"وَيَخْشَوْنَهُ","33:39:5"
"اذيهم",1,"اَذٰيهُمْ","33:48:6"
"ترجى",1,"تُرْجٖي","33:51:1"
"وتوى",1,"وَتُــْٔـوٖٓي","33:51:5"
"ابتغيت",1,"ابْتَغَيْتَ","33:51:10"
"عزلت",1,"عَزَلْتَ","33:51:12"
"اعينهن",1,"اَعْيُنُهُنَّ","33:51:20"
"يحزن",1,"يَحْزَنَّ","33:51:22"
"ويرضين",1,"وَيَرْضَيْنَ","33:51:23"
"اتيتهن",1,"اٰتَيْتَهُنَّ","33:51:25"
"كلهن",1,"كُلُّهُنَّؕ","33:51:26"
"حسنهن",1,"حُسْنُهُنَّ","33:52:15"
"ناظرين",1,"نَاظِرٖينَ","33:53:15"
"انيه",1,"اِنٰيهُۙ","33:53:16"
"دعيتم",1,"دُعٖيتُمْ","33:53:19"
"طعمتم",1,"طَعِمْتُمْ","33:53:22"
"مستانسين",1,"مُسْتَاْنِسٖينَ","33:53:25"
"يؤذى",1,"يُؤْذِي","33:53:30"
"فيستحى",1,"فَيَسْتَحْيٖ","33:53:32"
"سالتموهن",1,"سَاَلْتُمُوهُنَّ","33:53:40"
"فسلوهن",1,"فَسْـَٔلُوهُنَّ","33:53:42"
"لقلوبكم",1,"لِقُلُوبِكُمْ","33:53:48"
"وقلوبهن",1,"وَقُلُوبِهِنَّؕ","33:53:49"
"تؤذوا",1,"تُؤْذُوا","33:53:54"
"واتقين",1,"وَاتَّقٖينَ","33:55:22"
"صلوا",1,"صَلُّوا","33:56:10"
"وسلموا",1,"وَسَلِّمُوا","33:56:12"
"احتملوا",1,"احْتَمَلُوا","33:58:9"
"وبناتك",1,"وَبَنَاتِكَ","33:59:5"
"يدنين",1,"يُدْنٖينَ","33:59:8"
"جلابيبهن",1,"جَلَابٖيبِهِنَّؕ","33:59:11"
"يعرفن",1,"يُعْرَفْنَ","33:59:15"
"يؤذين",1,"يُؤْذَيْنَؕ","33:59:17"
"والمرجفون",1,"وَالْمُرْجِفُونَ","33:60:9"
"لنغرينك",1,"لَنُغْرِيَنَّكَ","33:60:12"
"يجاورونك",1,"يُجَاوِرُونَكَ","33:60:16"
"ملعونين",1,"مَلْعُونٖينَۚۛ","33:61:1"
"اخذوا",1,"اُخِذُوا","33:61:4"
"تقتيلا",1,"تَقْتٖيلًا","33:61:6"
"واطعناالرسولا",1,"وَاَطَعْنَاالرَّسُولَا","33:66:11"
"سادتنا",1,"سَادَتَنَا","33:67:5"
"وكبراءنا",1,"وَكُـبَرَٓاءَنَا","33:67:6"
"فاضلونا",1,"فَاَضَلُّونَا","33:67:7"
"اتهم",1,"اٰتِهِمْ","33:68:2"
"اذوا",1,"اٰذَوْا","33:69:7"
"فبراه",1,"فَبَرَّاَهُ","33:69:9"
"عرضنا",1,"عَرَضْنَا","33:72:2"
"لامانة",1,"الْاَمَانَةَ","33:72:3"
"فابين",1,"فَاَبَيْنَ","33:72:8"
"يحملنها",1,"يَحْمِلْنَهَا","33:72:10"
"واشفقن",1,"وَاَشْفَقْنَ","33:72:11"
"وحملها",1,"وَحَمَلَهَا","33:72:13"
"ظلوما",1,"ظَلُومًا","33:72:17"
"جهولا",1,"جَهُولًاۙ","33:72:18"
"ليعذب",1,"لِيُعَذِّبَ","33:73:1"
"لهالحديد",1,"لَهُالْحَدٖيدَۙ","34:10:12"
"منساته",1,"مِنْسَاَتَهُۚ","34:14:13"
"وشيء",1,"وَشَيْءٍ","34:16:13"
"باعد",1,"بَاعِدْ","34:19:3"
"ظنه",1,"ظَنَّهُ","34:20:5"
"يخلفه",1,"يُخْلِفُهُۚ","34:39:17"
"فزعوا",1,"فَزِعُوا","34:51:4"
"فوت",1,"فَوْتَ","34:51:6"
"واخذوا",1,"وَاُخِذُوا","34:51:7"
"لتناوش",1,"التَّنَاوُشُ","34:52:6"
"وحيل",1,"وَحٖيلَ","34:54:1"
"باشياعهم",1,"بِاَشْيَاعِهِمْ","34:54:8"
"حزبه",1,"حِزْبَهُ","35:6:9"
"يرفعه",1,"يَرْفَعُهُؕ","35:10:14"
"عمره",1,"عُمُرِهٖٓ","35:11:26"
"شرابه",1,"شَرَابُهُ","35:12:8"
"لغنيالحميد",1,"الْغَنِيُّالْحَمٖيدُ","35:15:10"
"لاموات",1,"الْاَمْوَاتُؕ","35:22:5"
"ليعجزه",1,"لِيُعْجِزَهُ","35:44:19"
"واثارهم",1,"وَاٰثَارَهُمْؕ","36:12:8"
"اتبعواالمرسلين",1,"اتَّبِعُواالْمُرْسَلٖينَۙ","36:20:10"
"قومييعلمون",1,"قَوْمٖييَعْلَمُونَۙ","36:26:7"
"بهيستهزؤ࣒ن",1,"بِهٖيَسْتَهْزِؤُ࣒نَ","36:30:11"
"اطعمه",1,"اَطْعَمَهُࣗ","36:47:18"
"مرقدنا",1,"مَرْقَدِنَۜاۘ","36:52:7"
"وصدقالمرسلون",1,"وَصَدَقَالْمُرْسَلُونَ","36:52:12"
"شغل",1,"شُغُلٍ","36:55:6"
"فاكهون",1,"فَاكِهُونَۚ","36:55:7"
"متكؤ࣒ن",1,"مُتَّكِؤُ࣒نَ","36:56:7"
"وامتازوا",1,"وَامْتَازُوا","36:59:1"
"اعهد",1,"اَعْهَدْ","36:60:2"
"اعبدونى",1,"اعْبُدُونٖيؕ","36:61:2"
"جبلا",1,"جِبِلًّا","36:62:4"
"نختم",1,"نَخْتِمُ","36:65:2"
"وتكلمنا",1,"وَتُكَلِّمُنَٓا","36:65:5"
"وتشهد",1,"وَتَشْهَدُ","36:65:7"
"لطمسنا",1,"لَطَمَسْنَا","36:66:3"
"لمسخناهم",1,"لَمَسَخْنَاهُمْ","36:67:3"
"مكانتهم",1,"مَكَانَتِهِمْ","36:67:5"
"مضيا",1,"مُضِيًّا","36:67:8"
"نعمره",1,"نُعَمِّرْهُ","36:68:2"
"ننكسه",1,"نُنَكِّسْهُ","36:68:3"
"مالكون",1,"مَالِكُونَ","36:71:12"
"وذللناها",1,"وَذَلَّلْنَاهَا","36:72:1"
"ركوبهم",1,"رَكُوبُهُمْ","36:72:4"
"ومشارب",1,"وَمَشَارِبُؕ","36:73:4"
"رميم",1,"رَمٖيمٌ","36:78:11"
"يحييها",1,"يُحْيٖيهَا","36:79:2"
"انشاها",1,"اَنْشَاَهَٓا","36:79:4"
"لاخضر",1,"الْاَخْضَرِ","36:80:6"
"توقدون",1,"تُوقِدُونَ","36:80:11"
"يومالدين",1,"يَوْمُالدّٖينِ","37:20:5"
"احشروا",1,"اُحْشُرُوا","37:22:1"
"مسؤ࣒لون",1,"مَسْؤُ࣒لُونَۙ","37:24:3"
"فاغوينا‌كم",1,"فَاَغْوَيْنَا‌كُمْ","37:32:1"
"فوا‌كه",1,"فَوَا‌كِهُۚ","37:42:1"
"ائنك",1,"اَئِنَّكَ","37:52:2"
"لمدينون",1,"لَمَدٖينُونَ","37:53:7"
"مطلعون",1,"مُطَّلِعُونَ","37:54:4"
"لتردين",1,"لَتُرْدٖينِۙ","37:56:5"
"افما",1,"اَفَمَا","37:58:1"
"بميتين",1,"بِمَيِّتٖينَۙ","37:58:3"
"لعاملون",1,"الْعَامِلُونَ","37:61:4"
"اصل",1,"اَصْلِ","37:64:5"
"لشوبا",1,"لَشَوْبًا","37:67:5"
"لفوا",1,"اَلْفَوْا","37:69:2"
"فلنعم",1,"فَلَنِعْمَ","37:75:4"
"لمجيبون",1,"الْمُجٖيبُونَۚ","37:75:5"
"ائفكا",1,"اَئِفْكًا","37:86:1"
"فتولوا",1,"فَتَوَلَّوْا","37:90:1"
"فاقبلوا",1,"فَاَقْبَلُٓوا","37:94:1"
"يزفون",1,"يَزِفُّونَ","37:94:3"
"تنحتون",1,"تَنْحِتُونَۙ","37:95:4"
"ذاهب",1,"ذَاهِبٌ","37:99:3"
"فبشرناه",1,"فَبَشَّرْنَاهُ","37:101:1"
"لسعى",1,"السَّعْيَ","37:102:4"
"لمنام",1,"الْمَنَامِ","37:102:11"
"اذبحك",1,"اَذْبَحُكَ","37:102:13"
"ابت",1,"اَبَتِ","37:102:19"
"افعل",1,"افْعَلْ","37:102:20"
"للهمنالصابرين",1,"اللّٰهُمِنَالصَّابِرٖينَ","37:102:26"
"وتله",1,"وَتَلَّهُ","37:103:3"
"للجبين",1,"لِلْجَبٖينِۚ","37:103:4"
"لبلؤا",1,"الْبَلٰٓؤُا","37:106:4"
"وفديناه",1,"وَفَدَيْنَاهُ","37:107:1"
"بذبح",1,"بِذِبْحٍ","37:107:2"
"وبشرناه",1,"وَبَشَّرْنَاهُ","37:112:1"
"وباركنا",1,"وَبَارَكْنَا","37:113:1"
"ونجيناهما",1,"وَنَجَّيْنَاهُمَا","37:115:1"
"ونصرناهم",1,"وَنَصَرْنَاهُمْ","37:116:1"
"واتيناهما",1,"وَاٰتَيْنَاهُمَا","37:117:1"
"لمستبين",1,"الْمُسْتَبٖينَۚ","37:117:3"
"وهديناهما",1,"وَهَدَيْنَاهُمَا","37:118:1"
"اتدعون",1,"اَتَدْعُونَ","37:125:1"
"بعلا",1,"بَعْلًا","37:125:2"
"ل‌ياسين",1,"اِلْ‌يَاسٖينَ","37:130:3"
"ياسين",1,"يَاسِينَ","37:130:4"
"نجيناه",1,"نَجَّيْنَاهُ","37:134:2"
"لتمرون",1,"لَتَمُرُّونَ","37:137:2"
"وباليل",1,"وَبِالَّيْلِؕ","37:138:1"
"ابق",1,"اَبَقَ","37:140:2"
"فساهم",1,"فَسَاهَمَ","37:141:1"
"لمدحضين",1,"الْمُدْحَضٖينَۚ","37:141:4"
"فالتقمه",1,"فَالْتَقَمَهُ","37:142:1"
"لمسبحين",1,"الْمُسَبِّحٖينَۙ","37:143:5"
"للبث",1,"لَلَبِثَ","37:144:1"
"فنبذناه",1,"فَنَبَذْنَاهُ","37:145:1"
"يقطين",1,"يَقْطٖينٍۚ","37:146:5"
"وارسلناه",1,"وَاَرْسَلْنَاهُ","37:147:1"
"يزيدون",1,"يَزٖيدُونَۚ","37:147:6"
"فمتعناهم",1,"فَمَتَّعْنَاهُمْ","37:148:2"
"شاهدون",1,"شَاهِدُونَ","37:150:6"
"لبنين",1,"الْبَنٖينَؕ","37:153:4"
"بكتابكم",1,"بِكِتَابِكُمْ","37:157:2"
"بفاتنين",1,"بِفَاتِنٖينَۙ","37:162:4"
"صال",1,"صَالِ","37:163:4"
"ومامنا",1,"وَمَامِنَّٓا","37:164:1"
"لصافون",1,"الصَّٓافُّونَۚ","37:165:3"
"لمسبحون",1,"الْمُسَبِّحُونَ","37:166:3"
"كلمتنا",1,"كَلِمَتُنَا","37:171:3"
"لعبادنا",1,"لِعِبَادِنَا","37:171:4"
"لمنصورون",1,"الْمَنْصُورُونَࣕ","37:172:3"
"جندنا",1,"جُنْدَنَا","37:173:2"
"بساحتهم",1,"بِسَاحَتِهِمْ","37:177:3"
"وتول",1,"وَتَوَلَّ","37:178:1"
"ءانزل",1,"ءَاُنْزِلَ","38:8:1"
"ذوالاوتاد",1,"ذُوالْاَوْتَادِۙ","38:12:7"
"نعاجه",1,"نِعَاجِهٖؕ","38:24:7"
"را‌كعا",1,"رَا‌كِعًا","38:24:31"
"واناب",1,"وَاَنَابَ","38:24:32"
"يومالحساب",1,"يَوْمَالْحِسَابِࣖ","38:26:30"
"لداو࣒د",1,"لِدَاوُ࣒دَ","38:30:2"
"لرزقنا",1,"لَرِزْقُنَا","38:54:3"
"نفاد",1,"نَفَادٍۚ","38:54:7"
"فليذوقوه",1,"فَلْيَذُوقُوهُ","38:57:2"
"شكله",1,"شَكْلِهٖٓ","38:58:3"
"مقتحم",1,"مُقْتَحِمٌ","38:59:3"
"صالوا",1,"صَالُوا","38:59:9"
"قدمتموه",1,"قَدَّمْتُمُوهُ","38:60:8"
"فزده",1,"فَزِدْهُ","38:61:7"
"لاشرار",1,"الْاَشْرَارِؕ","38:62:10"
"اتخذناهم",1,"اَتَّخَذْنَاهُمْ","38:63:1"
"تخاصم",1,"تَخَاصُمُ","38:64:4"
"بالملا",1,"بِالْمَلَاِ","38:69:6"
"استكبرت",1,"اَسْتَكْبَرْتَ","38:75:10"
"لعالين",1,"الْعَالٖينَ","38:75:14"
"لعنتى",1,"لَعْنَتٖٓي","38:78:3"
"فبعزتك",1,"فَبِعِزَّتِكَ","38:82:2"
"لاغوينهم",1,"لَاُغْوِيَنَّهُمْ","38:82:3"
"فالحق",1,"فَالْحَقُّؗ","38:84:2"
"والحق",1,"وَالْحَقَّ","38:84:3"
"لمتكلفين",1,"الْمُتَكَلِّفٖينَ","38:86:10"
"خوله",1,"خَوَّلَهُ","39:8:11"
"عبادفاتقون",1,"عِبَادِفَاتَّقُونِ","39:16:16"
"احسنه",1,"اَحْسَنَهُؕ","39:18:5"
"فسلكه",1,"فَسَلَكَهُ","39:21:9"
"بوجهه",1,"بِوَجْهِهٖ","39:24:3"
"فسوفتعلمون",1,"فَسَوْفَتَعْلَمُونَۙ","39:39:9"
"سيصيبهم",1,"سَيُصٖيبُهُمْ","39:51:9"
"اسرفوا",1,"اَسْرَفُوا","39:53:5"
"تقنطوا",1,"تَقْنَطُوا","39:53:9"
"لغفورالرحيم",1,"الْغَفُورُالرَّحٖيمُ","39:53:20"
"وانيبوا",1,"وَاَنٖيبُٓوا","39:54:1"
"واسلموا",1,"وَاَسْلِمُوا","39:54:4"
"حسرتى",1,"حَسْرَتٰى","39:56:5"
"فرطت",1,"فَرَّطْتُ","39:56:8"
"لمنالساخرين",1,"لَمِنَالسَّاخِرٖينَۙ","39:56:14"
"فاكون",1,"فَاَكُونَ","39:58:10"
"جاءتك",1,"جَٓاءَتْكَ","39:59:3"
"واستكبرت",1,"وَاسْتَكْبَرْتَ","39:59:7"
"مسودة",1,"مُسْوَدَّةٌؕ","39:60:9"
"للمتكبرين",1,"لِلْمُتَكَبِّرٖينَ","39:60:14"
"وينجى",1,"وَيُنَجِّي","39:61:1"
"بمفازتهم",1,"بِمَفَازَتِهِمْؗ","39:61:5"
"تامرونى",1,"تَاْمُرُٓونّٖٓي","39:64:4"
"اشركت",1,"اَشْرَكْتَ","39:65:9"
"ليحبطن",1,"لَيَحْبَطَنَّ","39:65:10"
"عملك",1,"عَمَلُكَ","39:65:11"
"ولتكونن",1,"وَلَتَكُونَنَّ","39:65:12"
"قبضته",1,"قَبْضَتُهُ","39:67:8"
"مطويات",1,"مَطْوِيَّاتٌ","39:67:12"
"فصعق",1,"فَصَعِقَ","39:68:4"
"واشرقت",1,"وَاَشْرَقَتِ","39:69:1"
"بنور",1,"بِنُورِ","39:69:3"
"بالنبين",1,"بِالنَّبِيّٖنَ","39:69:8"
"طبتم",1,"طِبْتُمْ","39:73:18"
"فادخلوها",1,"فَادْخُلُوهَا","39:73:19"
"صدقنا",1,"صَدَقَنَا","39:74:5"
"نتبوا",1,"نَتَبَوَّاُ","39:74:9"
"حافين",1,"حَٓافّٖينَ","39:75:3"
"كذبه",1,"كَذِبُهُۚ","40:28:24"
"يومالاحزاب",1,"يَوْمِالْاَحْزَابِۙ","40:30:10"
"يومالتناد",1,"يَوْمَالتَّنَادِۙ","40:32:6"
"ابلغالاسباب",1,"اَبْلُغُالْاَسْبَابَۙ","40:36:9"
"دارالقرار",1,"دَارُالْقَرَارِ","40:39:11"
"لىالنار",1,"اِلَىالنَّارِؕ","40:41:9"
"فوقيه",1,"فَوَقٰيهُ","40:45:1"
"لننصر",1,"لَنَنْصُرُ","40:51:2"
"ببالغيه",1,"بِبَالِغٖيهِۚ","40:56:17"
"لمسيء",1,"الْمُسٖٓيءُؕ","40:58:10"
"ادعونى",1,"ادْعُونٖٓي","40:60:3"
"استجب",1,"اَسْتَجِبْ","40:60:4"
"عبادتى",1,"عِبَادَتٖي","40:60:10"
"سيدخلون",1,"سَيَدْخُلُونَ","40:60:11"
"شيوخا",1,"شُيُوخًاۚ","40:67:20"
"يصرفون",1,"يُصْرَفُونَۚۛ","40:69:10"
"والسلاسل",1,"وَالسَّلَاسِلُؕ","40:71:5"
"يسجرون",1,"يُسْجَرُونَۚ","40:72:6"
"تمرحون",1,"تَمْرَحُونَۚ","40:75:11"
"نقصص",1,"نَقْصُصْ","40:78:13"
"لتركبوا",1,"لِتَرْكَبُوا","40:79:6"
"تنكرون",1,"تُنْكِرُونَ","40:81:6"
"وكفرنا",1,"وَكَفَرْنَا","40:84:8"
"اذاننا",1,"اٰذَانِنَا","41:5:9"
"فقضيهن",1,"فَقَضٰيهُنَّ","41:12:1"
"ارديكم",1,"اَرْدٰيكُمْ","41:23:6"
"وقيضنا",1,"وَقَيَّضْنَا","41:25:1"
"ذوحظ",1,"ذُوحَظٍّ","41:35:9"
"يسمون",1,"يَسْـَٔمُونَ","41:38:12"
"اذناك",1,"اٰذَنَّاكَۙ","41:47:24"
"فيؤ࣒س",1,"فَيَؤُ࣒سٌ","41:49:10"
"فذو",1,"فَذُو","41:51:11"
"عريض",1,"عَرٖيضٍ","41:51:13"
"سنريهم",1,"سَنُرٖيهِمْ","41:53:1"
"لافاق",1,"الْاٰفَاقِ","41:53:4"
"فحكمه",1,"فَحُكْمُهُٓ","42:10:6"
"كمثله",1,"كَمِثْلِهٖ","42:11:15"
"شرع",1,"شَرَعَ","42:13:1"
"او࣒رثوا",1,"اُو࣒رِثُوا","42:14:23"
"حرثه",1,"حَرْثِهٖۚ","42:20:9"
"يكلمه",1,"يُكَلِّمَهُ","42:51:5"
"ورائ",1,"وَرَٓائِ࣑","42:51:11"
"فيوحى",1,"فَيُوحِيَ","42:51:16"
"روحا",1,"رُوحًا","42:52:4"
"نهدى",1,"نَهْدٖي","42:52:17"
"لتهدى",1,"لَتَهْدٖٓي","42:52:24"
"تصير",1,"تَصٖيرُ","42:53:14"
"لتستو࣒ا",1,"لِتَسْتَوُ࣒ا","43:13:1"
"ظهوره",1,"ظُهُورِهٖ","43:13:3"
"واصفيكم",1,"وَاَصْفٰيكُمْ","43:16:6"
"يتكؤ࣒ن",1,"يَتَّكِؤُ࣒نَۙ","43:34:5"
"فبئسالقرين",1,"فَبِئْسَالْقَرٖينُ","43:38:11"
"ياايه",1,"يَٓااَيُّهَ","43:49:2"
"وهذه",1,"وَهٰذِهِ","43:51:12"
"تحتى",1,"تَحْتٖيۚ","43:51:16"
"افلاتبصرون",1,"اَفَلَاتُبْصِرُونَؕ","43:51:17"
"اسورة",1,"اَسْوِرَةٌ","43:53:4"
"مقترنين",1,"مُقْتَرِنٖينَ","43:53:11"
"فاستخف",1,"فَاسْتَخَفَّ","43:54:1"
"فاطاعوه",1,"فَاَطَاعُوهُؕ","43:54:3"
"اسفونا",1,"اٰسَفُونَا","43:55:2"
"انتقمنا",1,"انْتَقَمْنَا","43:55:3"
"للاخرين",1,"لِلْاٰخِرٖينَࣖ","43:56:4"
"ضربوه",1,"ضَرَبُوهُ","43:58:7"
"خصمون",1,"خَصِمُونَ","43:58:14"
"يخلفون",1,"يَخْلُفُونَ","43:60:8"
"للساعة",1,"لِلسَّاعَةِ","43:61:3"
"تمترن",1,"تَمْتَرُنَّ","43:61:5"
"واتبعون",1,"وَاتَّبِعُونِؕ","43:61:7"
"يصدنكم",1,"يَصُدَّنَّكُمُ","43:62:2"
"ولابين",1,"وَلِاُبَيِّنَ","43:63:9"
"لاخلاء",1,"اَلْاَخِلَّٓاءُ","43:67:1"
"انتمتحزنون",1,"اَنْتُمْتَحْزَنُونَۚ","43:68:8"
"تحبرون",1,"تُحْبَرُونَ","43:70:5"
"بصحاف",1,"بِصِحَافٍ","43:71:3"
"تشتهيه",1,"تَشْتَهٖيهِ","43:71:9"
"وتلذ",1,"وَتَلَذُّ","43:71:11"
"يفتر",1,"يُفَتَّرُ","43:75:2"
"ليقض",1,"لِيَقْضِ","43:77:4"
"انكمماكثون",1,"اِنَّكُمْمَاكِثُونَ","43:77:8"
"جئناكم",1,"جِئْنَاكُمْ","43:78:2"
"ابرموا",1,"اَبْرَمُٓوا","43:79:2"
"مبرمون",1,"مُبْرِمُونَۚ","43:79:5"
"لعابدين",1,"الْعَابِدٖينَ","43:81:8"
"وتبارك",1,"وَتَبَارَكَ","43:85:1"
"وقيله",1,"وَقٖيلِهٖ","43:88:1"
"خلقناهما",1,"خَلَقْنَاهُمَٓا","44:39:2"
"لموتة",1,"الْمَوْتَةَ","44:56:6"
"مرتقبون",1,"مُرْتَقِبُونَ","44:59:3"
"بصره",1,"بَصَرِهٖ","45:23:16"
"ننسيكم",1,"نَنْسٰيكُمْ","45:34:3"
"ايتونى",1,"اٖيتُونٖي","46:4:18"
"وحمله",1,"وَحَمْلُهُ","46:15:10"
"وابصارا",1,"وَاَبْصَارًا","46:26:10"
"طريقمستقيم",1,"طَرٖيقٍمُسْتَقٖيمٍ","46:30:19"
"انهار",1,"اَنْهَارٌ","47:15:7"
"اسن",1,"اٰسِنٍۚ","47:15:11"
"طعمه",1,"طَعْمُهُۚ","47:15:17"
"خالد",1,"خَالِدٌ","47:15:37"
"انفا",1,"اٰنِفًاࣞ","47:16:16"
"تقويهم",1,"تَقْوٰيهُمْ","47:17:6"
"ذكريهم",1,"ذِكْرٰيهُمْ","47:18:15"
"ومثويكم",1,"وَمَثْوٰيكُمْࣖ","47:19:14"
"تبطلوااعمالكم",1,"تُبْطِلُٓوااَعْمَالَكُمْ","47:33:10"
"سيئاتهم",1,"سَيِّئَاتِهِمْؕ","48:5:13"
"تطؤ࣒هم",1,"تَطَؤُ࣒هُمْ","48:25:21"
"تريهم",1,"تَرٰيهُمْ","48:29:11"
"شطه",1,"شَطْــَٔهُ","48:29:34"
"فازره",1,"فَاٰزَرَهُ","48:29:35"
"سوقه",1,"سُوقِهٖ","48:29:39"
"تفيء",1,"تَفٖٓيءَ","49:9:17"
"اتقيكم",1,"اَتْقٰيكُمْؕ","49:13:16"
"اطغيته",1,"اَطْغَيْتُهُ","50:27:5"
"اخذين",1,"اٰخِذٖينَ","51:16:1"
"فقربه",1,"فَقَرَّبَهُٓ","51:27:1"
"بركنه",1,"بِرُكْنِهٖ","51:39:2"
"اتواصوا",1,"اَتَوَاصَوْا","51:53:1"
"بملوم",1,"بِمَلُومٍؗ","51:54:5"
"ليعبدون",1,"لِيَعْبُدُونِ","51:56:6"
"يطعمون",1,"يُطْعِمُونِ","51:57:9"
"ذوالقوة",1,"ذُوالْقُوَّةِ","51:58:5"
"لمتين",1,"الْمَتٖينُ","51:58:7"
"ذنوبا",1,"ذَنُوبًا","51:59:4"
"ذنوب",1,"ذَنُوبِ","51:59:6"
"اصحابهم",1,"اَصْحَابِهِمْ","51:59:7"
"ووقينا",1,"وَوَقٰينَا","52:27:4"
"تقوله",1,"تَقَوَّلَهُۚ","52:33:3"
"ذومرة",1,"ذُومِرَّةٍؕ","53:6:1"
"افتمارونه",1,"اَفَتُمَارُونَهُ","53:12:1"
"اساؤ࣒ا",1,"اَسَٓاؤُ࣒ا","53:31:10"
"اعنده",1,"اَعِنْدَهُ","53:35:1"
"يجزيه",1,"يُجْزٰيهُ","53:41:2"
"ابقى",1,"اَبْقٰىۙ","53:51:3"
"واطغى",1,"وَاَطْغٰىؕ","53:52:9"
"والمؤتفكة",1,"وَالْمُؤْتَفِكَةَ","53:53:1"
"اهوى",1,"اَهْوٰىۙ","53:53:2"
"فغشيها",1,"فَغَشّٰيهَا","53:54:1"
"غشى",1,"غَشّٰىۚ","53:54:3"
"تتمارى",1,"تَتَمَارٰى","53:55:4"
"ازفت",1,"اَزِفَتِ","53:57:1"
"كاشفة",1,"كَاشِفَةٌ","53:58:6"
"تعجبون",1,"تَعْجَبُونَۙ","53:59:4"
"وتضحكون",1,"وَتَضْحَكُونَ","53:60:1"
"تبكون",1,"تَبْكُونَۙ","53:60:3"
"سامدون",1,"سَامِدُونَ","53:61:2"
"نتبعه",1,"نَتَّبِعُهُٓۙ","54:24:5"
"ءالقى",1,"ءَاُلْقِيَ","54:25:1"
"ضيفه",1,"ضَيْفِهٖ","54:37:4"
"اشياعكم",1,"اَشْيَاعَكُمْ","54:51:3"
"وكبير",1,"وَكَبٖيرٍ","54:53:3"
"مستطر",1,"مُسْتَطَرٌ","54:53:4"
"ونهر",1,"وَنَهَرٍۙ","54:54:5"
"مليك",1,"مَلٖيكٍ","54:55:5"
"ذوالعصف",1,"ذُوالْعَصْفِ","55:12:2"
"ذوالجلال",1,"ذُوالْجَلَالِ","55:27:4"
"يسله",1,"يَسْـَٔلُهُ","55:29:1"
"لابسلطان",1,"اِلَّابِسُلْطَانٍۚ","55:33:16"
"ذنبه",1,"ذَنْبِهٖٓ","55:39:5"
"زوجان",1,"زَوْجَانِۚ","55:52:5"
"بطائنها",1,"بَطَٓائِنُهَا","55:54:4"
"استبرق",1,"اِسْتَبْرَقٍؕ","55:54:6"
"وجنا",1,"وَجَنَا","55:54:7"
"لياقوت",1,"الْيَاقُوتُ","55:58:2"
"مدهامتان",1,"مُدْهَٓامَّتَانِۚ","55:64:1"
"نضاختان",1,"نَضَّاخَتَانِۚ","55:66:3"
"ورمان",1,"وَرُمَّانٌۚ","55:68:4"
"خيرات",1,"خَيْرَاتٌ","55:70:2"
"حور",1,"حُورٌ","55:72:1"
"مقصورات",1,"مَقْصُورَاتٌ","55:72:2"
"لخيام",1,"الْخِيَامِۚ","55:72:4"
"رفرف",1,"رَفْرَفٍ","55:76:3"
"وعبقرى",1,"وَعَبْقَرِيٍّ","55:76:5"
"كامثال",1,"كَاَمْثَالِ","56:23:1"
"لمكذبون",1,"الْمُكَذِّبُونَۙ","56:51:5"
"زقوم",1,"زَقُّومٍۙ","56:52:5"
"لهيم",1,"الْهٖيمِؕ","56:55:3"
"نزلهم",1,"نُزُلُهُمْ","56:56:2"
"تصدقون",1,"تُصَدِّقُونَࣖ","56:57:4"
"تخلقونه",1,"تَخْلُقُونَهُٓ","56:59:2"
"وننشئكم",1,"وَنُنْشِئَكُمْ","56:61:5"
"تحرثون",1,"تَحْرُثُونَؕ","56:63:3"
"تزرعونه",1,"تَزْرَعُونَهُٓ","56:64:2"
"لزارعون",1,"الزَّارِعُونَ","56:64:5"
"فظلتم",1,"فَظَلْتُمْ","56:65:5"
"تفكهون",1,"تَفَكَّهُونَ","56:65:6"
"لمغرمون",1,"لَمُغْرَمُونَۙ","56:66:2"
"انزلتموه",1,"اَنْزَلْتُمُوهُ","56:69:2"
"لمزن",1,"الْمُزْنِ","56:69:4"
"لمنزلون",1,"الْمُنْزِلُونَ","56:69:7"
"تورون",1,"تُورُونَؕ","56:71:4"
"انشاتم",1,"اَنْشَاْتُمْ","56:72:2"
"شجرتها",1,"شَجَرَتَهَٓا","56:72:3"
"لمنشؤ࣒ن",1,"الْمُنْشِؤُ࣒نَ","56:72:6"
"للمقوين",1,"لِلْمُقْوٖينَۚ","56:73:5"
"بمواقع",1,"بِمَوَاقِـعِ","56:75:3"
"لقسم",1,"لَقَسَمٌ","56:76:2"
"يمسه",1,"يَمَسُّهُٓ","56:79:2"
"لمطهرون",1,"الْمُطَهَّرُونَؕ","56:79:4"
"افبهذا",1,"اَفَبِهٰذَا","56:81:1"
"مدهنون",1,"مُدْهِنُونَۙ","56:81:4"
"لحلقوم",1,"الْحُلْقُومَۙ","56:83:4"
"حينئذ",1,"حٖينَئِذٍ","56:84:2"
"مدينين",1,"مَدٖينٖينَۙ","56:86:5"
"ترجعونها",1,"تَرْجِعُونَهَٓا","56:87:1"
"فروح",1,"فَرَوْحٌ","56:89:1"
"وريحان",1,"وَرَيْحَانٌ","56:89:2"
"فسلام",1,"فَسَلَامٌ","56:91:1"
"وتصلية",1,"وَتَصْلِيَةُ","56:94:1"
"بشريكم",1,"بُشْرٰيكُمُ","57:12:10"
"باطنه",1,"بَاطِنُهُ","57:13:21"
"ماويكم",1,"مَاْوٰيكُمُ","57:15:10"
"برسوله",1,"بِرَسُولِهٖ","57:28:7"
"احصيه",1,"اَحْصٰيهُ","58:6:8"
"نهيكم",1,"نَهٰيكُمْ","59:7:29"
"تبوؤ",1,"تَبَوَّؤُ","59:9:2"
"لرايته",1,"لَرَاَيْتَهُ","59:21:7"
"يفترينه",1,"يَفْتَرٖينَهُ","60:12:23"
"بنيان",1,"بُنْيَانٌ","61:4:10"
"لقومالفاسقين",1,"الْقَوْمَالْفَاسِقٖينَ","61:5:23"
"ليطفؤ࣒ا",1,"لِيُطْفِؤُ࣒ا","61:8:2"
"ومسا‌كن",1,"وَمَسَا‌كِنَ","61:12:10"
"يتمنونه",1,"يَتَمَنَّوْنَهُٓ","62:7:2"
"لرسوله",1,"لَرَسُولُهُؕ","63:1:12"
"ولرسوله",1,"وَلِرَسُولِهٖ","63:8:12"
"يضاعفه",1,"يُضَاعِفْهُ","64:17:6"
"حسبه",1,"حَسْبُهُؕ","65:3:11"
"والئ",1,"وَالّٰٓئٖ","65:4:12"
"ذوسعة",1,"ذُوسَعَةٍ","65:7:2"
"وصالح",1,"وَصَالِحُ","66:4:16"
"يبدله",1,"يُبْدِلَهُٓ","66:5:6"
"وعمله",1,"وَعَمَلِهٖ","66:11:20"
"بايكم",1,"بِاَيِّكُمُ","68:6:1"
"سنسمه",1,"سَنَسِمُهُ","68:16:1"
"كناطاغين",1,"كُنَّاطَاغٖينَ","68:31:5"
"تداركه",1,"تَدَارَكَهُ","68:49:3"
"فاجتبيه",1,"فَاجْتَبٰيهُ","68:50:1"
"ليزلقونك",1,"لَيُزْلِقُونَكَ","68:51:5"
"بابصارهم",1,"بِاَبْصَارِهِمْ","68:51:6"
"اقرؤ࣒ا",1,"اقْرَؤُ࣒ا","69:19:8"
"بشماله",1,"بِشِمَالِهٖ","69:25:5"
"او࣒تكتابيه",1,"اُو࣒تَكِتَابِيَهْۚ","69:25:10"
"ليتها",1,"لَيْتَهَا","69:27:2"
"كانتالقاضية",1,"كَانَتِالْقَاضِيَةَۚ","69:27:3"
"لخاطؤ࣒ن",1,"الْخَاطِؤُ࣒نَࣖ","69:37:4"
"ونريه",1,"وَنَرٰيهُ","70:7:1"
"نذيرمبين",1,"نَذٖيرٌمُبٖينٌۙ","71:2:6"
"وولده",1,"وَوَلَدُهُٓ","71:21:11"
"نعجزه",1,"نُعْجِزَهُ","72:12:10"
"بربه",1,"بِرَبِّهٖ","72:13:9"
"ماءغدقا",1,"مَٓاءًغَدَقًاۙ","72:16:7"
"بلاغا",1,"بَلَاغًا","72:23:2"
"ورسالاته",1,"وَرِسَالَاتِهٖؕ","72:23:5"
"غيبه",1,"غَيْبِهٖٓ","72:26:6"
"نصفه",1,"نِصْفَهُٓ","73:3:1"
"ونصفه",1,"وَنِصْفَهُ","73:20:10"
"وثلثه",1,"وَثُلُثَهُ","73:20:11"
"سارهقه",1,"سَاُرْهِقُهُ","74:17:1"
"فرت",1,"فَرَّتْ","74:51:1"
"قسورة",1,"قَسْوَرَةٍؕ","74:51:3"
"منشرة",1,"مُنَشَّرَةًۙ","74:52:9"
"عظامه",1,"عِظَامَهُؕ","75:3:5"
"بنانه",1,"بَنَانَهُ","75:4:6"
"امامه",1,"اَمَامَهُۚ","75:5:5"
"معاذيره",1,"مَعَاذٖيرَهُؕ","75:15:3"
"جمعه",1,"جَمْعَهُ","75:17:3"
"وقرانه",1,"وَقُرْاٰنَهُۚ","75:17:4"
"شا‌كرا",1,"شَا‌كِرًا","76:3:5"
"شره",1,"شَرُّهُ","76:7:6"
"فوقيهم",1,"فَوَقٰيهُمُ","76:11:1"
"ولقيهم",1,"وَلَقّٰيهُمْ","76:11:6"
"وجزيهم",1,"وَجَزٰيهُمْ","76:12:1"
"عاليهم",1,"عَالِيَهُمْ","76:21:1"
"وسقيهم",1,"وَسَقٰيهُمْ","76:21:10"
"مهادا",1,"مِهَادًاۙ","78:6:4"
"ميقاتا",1,"مٖيقَاتًاۙ","78:17:5"
"واعنابا",1,"وَاَعْنَابًاۙ","78:32:2"
"انذرنا‌كم",1,"اَنْذَرْنَا‌كُمْ","78:40:2"
"كنتترابا",1,"كُنْتُتُرَابًا","78:40:15"
"فاريه",1,"فَاَرٰيهُ","79:20:1"
"دحيها",1,"دَحٰيهَاؕ","79:30:4"
"ومرعيها",1,"وَمَرْعٰيهَاࣕ","79:31:4"
"ارسيها",1,"اَرْسٰيهَاۙ","79:32:2"
"واثر",1,"وَاٰثَرَ","79:38:1"
"ذكريها",1,"ذِكْرٰيهَاؕ","79:43:4"
"منتهيها",1,"مُنْتَهٰيهَاؕ","79:44:3"
"يخشيها",1,"يَخْشٰيهَاؕ","79:45:5"
"اكفره",1,"اَكْفَرَهُؕ","80:17:4"
"يسره",1,"يَسَّرَهُۙ","80:20:3"
"اماته",1,"اَمَاتَهُ","80:21:2"
"فاقبره",1,"فَاَقْبَرَهُۙ","80:21:3"
"انشره",1,"اَنْشَرَهُؕ","80:22:4"
"طعامه",1,"طَعَامِهٖۙ","80:24:4"
"لموء࣒دة",1,"الْمَوْءُ࣒دَةُ","81:8:2"
"فسويك",1,"فَسَوّٰيكَ","82:7:3"
"ا‌كتالوا",1,"ا‌كْتَالُوا","83:2:3"
"ختامه",1,"خِتَامُهُ","83:26:1"
"ومزاجه",1,"وَمِزَاجُهُ","83:27:1"
"رجعه",1,"رَجْعِهٖ","86:8:3"
"وا‌كيد",1,"وَاَ‌كٖيدُ","86:16:1"
"انية",1,"اٰنِيَةٍؕ","88:5:4"
"فاكرمه",1,"فَاَكْرَمَهُ","89:15:7"
"ونعمه",1,"وَنَعَّمَهُ","89:15:8"
"قدمتلحياتى",1,"قَدَّمْتُلِحَيَاتٖيۚ","89:24:4"
"وثاقه",1,"وَثَاقَهُٓ","89:26:3"
"وضحيها",1,"وَضُحٰيهَاࣕۙ","91:1:2"
"تليها",1,"تَلٰيهَاࣕۙ","91:2:3"
"جليها",1,"جَلّٰيهَاࣕۙ","91:3:3"
"يغشيها",1,"يَغْشٰيهَاࣕۙ","91:4:3"
"طحيها",1,"طَحٰيهَاࣕۙ","91:6:3"
"سويها",1,"سَوّٰيهَاࣕۙ","91:7:3"
"وتقويها",1,"وَتَقْوٰيهَاࣕۙ","91:8:3"
"زكيها",1,"زَكّٰيهَاࣕۙ","91:9:4"
"دسيها",1,"دَسّٰيهَاؕ","91:10:4"
"بطغويها",1,"بِطَغْوٰيهَاࣕۙ","91:11:3"
"اشقيها",1,"اَشْقٰيهَاࣕۙ","91:12:3"
"وسقييها",1,"وَسُقْيٰيهَاࣞ","91:13:7"
"فامه",1,"فَاُمُّهُ","101:9:1"
"لهيكم",1,"اَلْهٰيكُمُ","102:1:1"
"وعدده",1,"وَعَدَّدَهُۙ","104:2:4"
"اخلده",1,"اَخْلَدَهُۚ","104:3:4"
"ايلافهم",1,"اٖيلَافِهِمْ","106:2:1"
